USE PI;
INSERT INTO Subscription(idSubscription,type,value,duration)VALUES(1,0,0,'0000-00-00 00:00:00');
INSERT INTO Subscription(idSubscription,type,value,duration)VALUES(2,1,4.99,'0000-01-00 00:00:00');
INSERT INTO Subscription(idSubscription,type,value,duration)VALUES(3,2,11.99,'0000-03-00 00:00:00');
INSERT INTO Subscription(idSubscription,type,value,duration)VALUES(4,3,19.99,'0000-06-00 00:00:00');
INSERT INTO Subscription(idSubscription,type,value,duration)VALUES(5,4,6.99,'0000-01-00 00:00:00');
INSERT INTO Subscription(idSubscription,type,value,duration)VALUES(6,5,16.99,'0000-03-00 00:00:00');
INSERT INTO Subscription(idSubscription,type,value,duration)VALUES(7,6,28.99,'0000-06-00 00:00:00');
INSERT INTO Subscription(idSubscription,type,value,duration)VALUES(8,7,7.99,'0000-01-00 00:00:00');
INSERT INTO Subscription(idSubscription,type,value,duration)VALUES(9,8,17.99,'0000-03-00 00:00:00');
INSERT INTO Subscription(idSubscription,type,value,duration)VALUES(10,9,29.99,'0000-06-00 00:00:00');
INSERT INTO Subscription(idSubscription,type,value,duration)VALUES(11,10,11.49,'0000-01-00 00:00:00');
INSERT INTO Subscription(idSubscription,type,value,duration)VALUES(12,11,27.59,'0000-03-00 00:00:00');
INSERT INTO Subscription(idSubscription,type,value,duration)VALUES(13,12,46.49,'0000-06-00 00:00:00');
INSERT INTO User(idUser,name,password,email,phoneNumber,sex,type,createdAt,lastActivity,active,idLocation)VALUES(1,'Mildred Hackett','02DNYNQ','niucxhyvhk@outlook.com','+351 947019826','F',2,'2018-05-06 04:51:04','2021-08-13 22:14:17',1,173);
INSERT INTO User(idUser,name,password,email,phoneNumber,sex,type,createdAt,lastActivity,active,idLocation)VALUES(2,'Joshua Davis','WKNVTABT8H','exvqvb@hotmail.com','+351 948424990','M',2,'2021-03-12 12:50:36','2021-04-06 14:56:25',1,676);
INSERT INTO User(idUser,name,password,email,phoneNumber,sex,type,createdAt,lastActivity,active,idLocation)VALUES(3,'Michelle Jimenez','BUTMPAE','gatjwfynxhdf@hotmail.com','+351 952812416','F',2,'2021-08-19 01:28:42','2021-09-16 06:54:26',1,384);
INSERT INTO User(idUser,name,password,email,phoneNumber,sex,type,createdAt,lastActivity,active,idLocation)VALUES(4,'Robin Freeney','AXGZ9TGV8L83PDW1U','vuequlfdd@outlook.com',NULL,'F',2,'2019-02-07 20:01:48','2021-09-01 06:24:00',1,82);
INSERT INTO User(idUser,name,password,email,phoneNumber,sex,type,createdAt,lastActivity,active,idLocation)VALUES(5,'Lettie Harris','49WEB1RY7JHG','kcgfcepnsgm@gmail.com',NULL,'F',2,'2017-01-06 21:34:02','2018-09-15 05:18:57',0,731);
INSERT INTO User(idUser,name,password,email,phoneNumber,sex,type,createdAt,lastActivity,active,idLocation)VALUES(6,'Tom Baker','RCM7FFPB','ghsfoedicui@outlook.com','+351 970279982','M',2,'2021-03-18 03:46:22','2021-11-24 14:07:25',0,635);
INSERT INTO User(idUser,name,password,email,phoneNumber,sex,type,createdAt,lastActivity,active,idLocation)VALUES(7,'Bridget Robles','KYVDNCDXZXHCUASCMT','qydcsx@gmail.com',NULL,'F',2,'2017-08-23 04:31:58','2019-11-05 18:17:16',0,541);
INSERT INTO User(idUser,name,password,email,phoneNumber,sex,type,createdAt,lastActivity,active,idLocation)VALUES(8,'Maureen Barone','2GZCQPWB5NGHGG1A','bdfbjjmydf@hotmail.com','+351 993692246','F',2,'2020-06-10 18:22:29','2020-06-16 22:25:26',0,594);
INSERT INTO User(idUser,name,password,email,phoneNumber,sex,type,createdAt,lastActivity,active,idLocation)VALUES(9,'Tommy Nerbonne','TWVW3UNFYG164','bqzsqg@gmail.com','+351 994040062','F',2,'2019-10-07 08:57:13','2020-12-24 13:36:23',0,354);
INSERT INTO User(idUser,name,password,email,phoneNumber,sex,type,createdAt,lastActivity,active,idLocation)VALUES(10,'Rebecca Jose','B72FXC33W9','rrafwqlxgb@hotmail.com','+351 917734125','F',2,'2019-07-09 06:59:48','2019-10-06 12:01:57',1,56);
INSERT INTO User(idUser,name,password,email,phoneNumber,sex,type,createdAt,lastActivity,active,idLocation)VALUES(11,'Florence Sharp','MLD761','glysjyv@outlook.com','+351 948292238','F',2,'2020-05-04 20:47:46','2021-09-12 14:49:58',0,804);
INSERT INTO User(idUser,name,password,email,phoneNumber,sex,type,createdAt,lastActivity,active,idLocation)VALUES(12,'Martha Fernandez','37SHS0AMW','lbugowfbnlfn@outlook.com','+351 970582360','F',2,'2020-11-29 22:23:55','2020-11-29 22:23:55',0,54);
INSERT INTO User(idUser,name,password,email,phoneNumber,sex,type,createdAt,lastActivity,active,idLocation)VALUES(13,'Rachel Bass','JXY7DDQNW0SD37YVR39','mzxljx@hotmail.com','+351 927585874','F',2,'2018-01-06 15:23:09','2020-07-21 18:31:49',0,433);
INSERT INTO User(idUser,name,password,email,phoneNumber,sex,type,createdAt,lastActivity,active,idLocation)VALUES(14,'Charlotte Glaser','ZU3C439','ozfkirnu@outlook.com',NULL,'I',2,'2020-11-12 02:07:25','2020-11-26 17:23:01',0,125);
INSERT INTO User(idUser,name,password,email,phoneNumber,sex,type,createdAt,lastActivity,active,idLocation)VALUES(15,'Alice Christofferso','1RNVT0HF4G76RJUQNL','dwdpkytgjd@hotmail.com','+351 959746242','F',2,'2020-10-08 16:01:42','2021-06-28 13:52:35',0,108);
INSERT INTO User(idUser,name,password,email,phoneNumber,sex,type,createdAt,lastActivity,active,idLocation)VALUES(16,'Bruce Weston','X5DX9','gtjdla@outlook.com',NULL,'M',2,'2017-05-06 03:02:45','2021-01-03 15:24:30',1,398);
INSERT INTO User(idUser,name,password,email,phoneNumber,sex,type,createdAt,lastActivity,active,idLocation)VALUES(17,'Jeffrey Kepler','CLJZTPN','kfshdkoa@hotmail.com','+351 946896749','M',2,'2017-07-23 00:05:14','2017-10-01 20:28:13',1,746);
INSERT INTO User(idUser,name,password,email,phoneNumber,sex,type,createdAt,lastActivity,active,idLocation)VALUES(18,'David Beyah','JTMV1WU59E6S9G0E','vchffmjnmt@outlook.com','+351 969002331','M',2,'2018-02-14 21:26:10','2021-01-20 13:08:33',0,606);
INSERT INTO User(idUser,name,password,email,phoneNumber,sex,type,createdAt,lastActivity,active,idLocation)VALUES(19,'Vito Williams','2G4LCEV0WVS70WD3L6K','crixmnx@outlook.com','+351 985674623','M',2,'2020-08-28 18:44:03','2021-12-18 10:20:43',0,27);
INSERT INTO User(idUser,name,password,email,phoneNumber,sex,type,createdAt,lastActivity,active,idLocation)VALUES(20,'Susan Gazaway','ADLEFTCGUQDMVRR','rsgdwjvhdt@outlook.com',NULL,'F',2,'2018-03-13 18:46:33','2021-10-13 18:04:25',1,38);
INSERT INTO User(idUser,name,password,email,phoneNumber,sex,type,createdAt,lastActivity,active,idLocation)VALUES(21,'Donna Ainsworth','X0JYL','qerqxx@outlook.com','+351 984492615','F',2,'2018-03-14 02:08:44','2020-09-15 12:15:55',1,765);
INSERT INTO User(idUser,name,password,email,phoneNumber,sex,type,createdAt,lastActivity,active,idLocation)VALUES(22,'Sandra Sol','32LFJDP','mhzwgvnbgrjo@gmail.com',NULL,'I',2,'2018-02-19 03:39:16','2020-06-04 20:25:32',1,342);
INSERT INTO User(idUser,name,password,email,phoneNumber,sex,type,createdAt,lastActivity,active,idLocation)VALUES(23,'Jewell Enriquez','RQQHMDQ','bwurdlitx@hotmail.com','+351 967217072','F',2,'2020-05-30 17:56:48','2021-08-12 01:30:03',1,4);
INSERT INTO User(idUser,name,password,email,phoneNumber,sex,type,createdAt,lastActivity,active,idLocation)VALUES(24,'Kristin Garza','MR0JH79WJVD3FGU','kwqsaufygxvrg@gmail.com','+351 936586100','F',2,'2021-12-02 06:00:46','2021-12-19 20:51:18',0,314);
INSERT INTO User(idUser,name,password,email,phoneNumber,sex,type,createdAt,lastActivity,active,idLocation)VALUES(25,'Emma Jones','NDBD1','yqmqhvvubr@hotmail.com',NULL,'F',2,'2021-02-14 23:12:59','2021-06-10 03:34:09',1,71);
INSERT INTO User(idUser,name,password,email,phoneNumber,sex,type,createdAt,lastActivity,active,idLocation)VALUES(26,'Linda Parker','VBSCC8','pxrudx@hotmail.com','+351 976751687','F',2,'2019-08-27 01:05:54','2020-06-20 04:29:17',0,382);
INSERT INTO User(idUser,name,password,email,phoneNumber,sex,type,createdAt,lastActivity,active,idLocation)VALUES(27,'Jessie Hampton','5MPGU10XJMXF','irkpjyc@hotmail.com','+351 984267328','M',2,'2018-11-07 19:10:42','2020-01-06 12:13:25',0,631);
INSERT INTO User(idUser,name,password,email,phoneNumber,sex,type,createdAt,lastActivity,active,idLocation)VALUES(28,'Paul Mcbride','HBJZWZAD98N','yunhqvmnahuv@gmail.com','+351 996765240','M',2,'2021-11-24 22:13:41','2021-11-26 02:44:18',0,124);
INSERT INTO User(idUser,name,password,email,phoneNumber,sex,type,createdAt,lastActivity,active,idLocation)VALUES(29,'Virginia Rodriguez','K4DHL','svtapmn@hotmail.com','+351 967953038','F',2,'2020-08-22 00:25:00','2020-10-27 07:03:51',0,349);
INSERT INTO User(idUser,name,password,email,phoneNumber,sex,type,createdAt,lastActivity,active,idLocation)VALUES(30,'Danny Mccormick','DDYQXT','zthrdkfbg@outlook.com','+351 910685176','M',2,'2019-04-18 03:34:12','2020-03-20 04:22:48',1,13);
INSERT INTO User(idUser,name,password,email,phoneNumber,sex,type,createdAt,lastActivity,active,idLocation)VALUES(31,'Barbara Woodworth','CEGWEML','jstqn@hotmail.com','+351 979629533','F',2,'2019-03-24 06:27:35','2019-11-21 05:08:35',1,339);
INSERT INTO User(idUser,name,password,email,phoneNumber,sex,type,createdAt,lastActivity,active,idLocation)VALUES(32,'Karena Delahunt','KRVB0575UJCE5E','fhqju@outlook.com','+351 935670649','F',2,'2020-11-15 05:50:41','2020-12-04 16:56:41',1,466);
INSERT INTO User(idUser,name,password,email,phoneNumber,sex,type,createdAt,lastActivity,active,idLocation)VALUES(33,'Jesse Mosconi','XC99F3','jqoyr@outlook.com','+351 969675631','M',2,'2020-08-26 03:58:00','2020-08-28 05:30:34',0,450);
INSERT INTO User(idUser,name,password,email,phoneNumber,sex,type,createdAt,lastActivity,active,idLocation)VALUES(34,'Kristi Morataya','2SVMA6LXSELHJRLWHY','lwqljdvwyc@gmail.com','+351 921562308','F',2,'2021-03-21 19:00:17','2021-08-17 01:53:30',0,579);
INSERT INTO User(idUser,name,password,email,phoneNumber,sex,type,createdAt,lastActivity,active,idLocation)VALUES(35,'Sandra Branham','LWH5LBXL28J3F1','pwjpztdjiwsvt@hotmail.com','+351 954513824','F',2,'2017-04-27 15:42:49','2018-11-11 04:44:01',0,304);
INSERT INTO User(idUser,name,password,email,phoneNumber,sex,type,createdAt,lastActivity,active,idLocation)VALUES(36,'William Stine','JHC7DGEVP3VH','mqmgrotvdafml@gmail.com','+351 985668850','M',2,'2018-10-28 03:59:39','2018-12-21 14:42:13',1,84);
INSERT INTO User(idUser,name,password,email,phoneNumber,sex,type,createdAt,lastActivity,active,idLocation)VALUES(37,'Tiffany Moscato','JF6YAPYJZBU2AJ','ezxbvr@outlook.com','+351 997447244','F',2,'2020-04-08 00:52:19','2021-12-24 05:07:49',1,279);
INSERT INTO User(idUser,name,password,email,phoneNumber,sex,type,createdAt,lastActivity,active,idLocation)VALUES(38,'Jolene Burke','Q6H9LY9A42320TKWB','opzebc@gmail.com',NULL,'F',2,'2021-04-12 06:23:46','2021-10-29 22:31:59',0,498);
INSERT INTO User(idUser,name,password,email,phoneNumber,sex,type,createdAt,lastActivity,active,idLocation)VALUES(39,'Mary Green','MKQWQY4W7XH3ZRG1','aboshepcddjop@outlook.com','+351 932427941','F',2,'2020-09-03 00:17:30','2020-12-26 19:39:12',1,76);
INSERT INTO User(idUser,name,password,email,phoneNumber,sex,type,createdAt,lastActivity,active,idLocation)VALUES(40,'Joshua Schuld','X10SQLV5G71STFK6N','zlplxhhasbu@hotmail.com','+351 954857148','M',2,'2020-10-26 00:18:45','2021-03-27 20:35:42',1,584);
INSERT INTO User(idUser,name,password,email,phoneNumber,sex,type,createdAt,lastActivity,active,idLocation)VALUES(41,'Lynn Sexton','RCNAUL3GMWX3SK8549','czfhcvfqtc@hotmail.com',NULL,'F',2,'2021-12-13 00:54:52','2021-12-16 08:57:59',1,363);
INSERT INTO User(idUser,name,password,email,phoneNumber,sex,type,createdAt,lastActivity,active,idLocation)VALUES(42,'Bobby Gaarder','G0LRUTGNTR3P6ZZNUWM','siykr@gmail.com',NULL,'M',2,'2017-10-05 22:10:42','2020-07-10 16:42:15',1,148);
INSERT INTO User(idUser,name,password,email,phoneNumber,sex,type,createdAt,lastActivity,active,idLocation)VALUES(43,'Eva Thompson','NH5XQCN','tdzxsoswsy@gmail.com','+351 919858161','F',2,'2020-06-13 04:22:17','2021-09-24 23:01:44',1,485);
INSERT INTO User(idUser,name,password,email,phoneNumber,sex,type,createdAt,lastActivity,active,idLocation)VALUES(44,'Elida Early','5PC188ZGEEJC4ZUJ0','critxoydqked@hotmail.com','+351 938809181','F',2,'2018-02-12 10:36:11','2018-11-19 23:46:02',0,387);
INSERT INTO User(idUser,name,password,email,phoneNumber,sex,type,createdAt,lastActivity,active,idLocation)VALUES(45,'Salvador Martinez','J24NGKGZJ','mwchw@hotmail.com',NULL,'M',2,'2021-08-30 22:52:28','2021-10-05 17:35:39',0,657);
INSERT INTO User(idUser,name,password,email,phoneNumber,sex,type,createdAt,lastActivity,active,idLocation)VALUES(46,'Kris Duggan','PN492','tskumweuasqdx@hotmail.com','+351 983410790','F',2,'2020-04-30 00:28:32','2020-12-29 02:54:14',0,320);
INSERT INTO User(idUser,name,password,email,phoneNumber,sex,type,createdAt,lastActivity,active,idLocation)VALUES(47,'Bradley Rhoades','V0ULT358HPKEV6','ofpgab@outlook.com',NULL,'M',2,'2020-06-16 23:51:00','2020-07-26 02:32:36',1,510);
INSERT INTO User(idUser,name,password,email,phoneNumber,sex,type,createdAt,lastActivity,active,idLocation)VALUES(48,'Denise Bloch','ZATKKBK51DM','veinprxb@outlook.com','+351 909058559','F',2,'2018-01-13 16:26:33','2019-09-02 00:07:23',1,499);
INSERT INTO User(idUser,name,password,email,phoneNumber,sex,type,createdAt,lastActivity,active,idLocation)VALUES(49,'Timothy Pope','SSXCN','uoiyc@gmail.com','+351 916794743','M',2,'2018-04-06 17:06:27','2018-08-31 15:38:09',1,244);
INSERT INTO User(idUser,name,password,email,phoneNumber,sex,type,createdAt,lastActivity,active,idLocation)VALUES(50,'Nancy Hernandez','TXX1Q67ZS','xqskkrhmpb@hotmail.com','+351 917009134','F',2,'2018-01-09 16:25:59','2018-01-27 09:55:58',1,161);
INSERT INTO User(idUser,name,password,email,phoneNumber,sex,type,createdAt,lastActivity,active,idLocation)VALUES(51,'Linda Montero','LXAH2V301B8BU','ijflin@hotmail.com','+351 962484384','F',3,'2018-01-03 07:48:13','2019-10-28 15:41:44',0,13);
INSERT INTO ServiceProvider(idSP,description,dateOfBirth,endSub,endSubVip,distance,qualifications,averageRating,idSubscription)VALUES(51,'De companhia as de das farmácia proposta medicamentos experiência dinheiro auxílio antes da currículo causa da o idade para higiene telemóvel porque refeições cama idade antes horário idoso dos medicamentos causa contrato decerto passeios as companhia da antes horário mensagem das importar prestar passeios refeições causa porque.','1951-01-03','2023-01-12 23:55:12','2022-06-10 21:50:46',86,'Experiência refeições mas mas dinheiro a farmácia mensagem ora das proposta decerto nada os antes causa porque para assim número do decerto medicamentos decerto cama currículo idoso prestar higiene idade cama de compras assim antes o antes dinheiro dos fatura das experiência da passeios a idoso telemóvel porque higiene dinheiro horas experiência antes dos as antes de mas idoso passeios.',0,2);
INSERT INTO User(idUser,name,password,email,phoneNumber,sex,type,createdAt,lastActivity,active,idLocation)VALUES(52,'Tammy Gourley','9VEQYM','hkwzuej@hotmail.com','+351 957496295','F',3,'2017-03-26 11:02:58','2018-07-17 23:40:58',0,392);
INSERT INTO ServiceProvider(idSP,description,dateOfBirth,endSub,endSubVip,distance,qualifications,averageRating,idSubscription)VALUES(52,'Companhia cama a mas contrato dinheiro para do idade certificado a horário decerto ora dos pagamento o horário idade idoso.','1973-03-12',NULL,NULL,114,'Experiência certificado contrato auxílio antes dinheiro idade certificado currículo horário causa causa vacinas fatura dos porque ora porque número dinheiro dos os idoso vacinas antes compras decerto mensagem do horas mensagem os o experiência das dos proposta dos assim cama os idoso farmácia contrato a o vacinas fatura idoso horas vacinas fatura ajuda da porque.',0,1);
INSERT INTO User(idUser,name,password,email,phoneNumber,sex,type,createdAt,lastActivity,active,idLocation)VALUES(53,'Diana Singer','SNULA8QXCX9ENCAY5K9','vlvxqsrcsjfdt@hotmail.com','+351 991023843','F',3,'2018-10-28 11:01:02','2020-11-07 12:26:01',0,523);
INSERT INTO ServiceProvider(idSP,description,dateOfBirth,endSub,endSubVip,distance,qualifications,averageRating,idSubscription)VALUES(53,'Farmácia farmácia horário certificado pagamento refeições de passeios para prestar medicamentos ajuda para o vacinas de fatura companhia vacinas pagamento horas dos contrato número idoso.',NULL,'2023-10-03 04:34:13','2023-10-03 04:34:13',NULL,'Compras passeios vacinas dos medicamentos vacinas refeições importar companhia dinheiro pagamento antes os proposta da de medicamentos companhia certificado telemóvel das de ajuda auxílio ora dos experiência certificado medicamentos auxílio horas refeições mensagem causa cama importar.',0,4);
INSERT INTO User(idUser,name,password,email,phoneNumber,sex,type,createdAt,lastActivity,active,idLocation)VALUES(54,'Louise Dean','YXCG5XJDEMYRPSL6EXY','qpsvk@gmail.com','+351 974019036','F',3,'2017-07-16 18:24:44','2020-10-27 21:53:43',0,510);
INSERT INTO ServiceProvider(idSP,description,dateOfBirth,endSub,endSubVip,distance,qualifications,averageRating,idSubscription)VALUES(54,'Nada farmácia passeios mas certificado farmácia farmácia companhia porque auxílio das nada.','1962-10-04','2023-04-19 14:57:39',NULL,66,'Passeios vacinas pagamento fatura da horário da ajuda vacinas refeições.',0,6);
INSERT INTO User(idUser,name,password,email,phoneNumber,sex,type,createdAt,lastActivity,active,idLocation)VALUES(55,'Terisa Mcgill','QHNSM','bfxzutfijgklg@hotmail.com','+351 929875048','F',3,'2020-05-09 07:59:35','2020-07-16 06:07:59',0,41);
INSERT INTO ServiceProvider(idSP,description,dateOfBirth,endSub,endSubVip,distance,qualifications,averageRating,idSubscription)VALUES(55,'Ajuda prestar refeições proposta medicamentos importar passeios auxílio importar dos passeios fatura companhia horas contrato ora horas da higiene antes assim prestar número refeições assim nada compras higiene antes assim medicamentos higiene assim ajuda refeições porque assim passeios auxílio idoso fatura proposta currículo experiência mensagem assim mensagem certificado passeios porque do as a farmácia prestar farmácia dos auxílio experiência causa certificado contrato vacinas mas auxílio dinheiro farmácia medicamentos nada telemóvel mas.',NULL,'2023-05-30 21:28:19',NULL,148,'Dinheiro o assim mensagem da medicamentos número telemóvel proposta dinheiro telemóvel passeios as decerto contrato dinheiro a.',0,6);
INSERT INTO User(idUser,name,password,email,phoneNumber,sex,type,createdAt,lastActivity,active,idLocation)VALUES(56,'Alvin Darrow','WHQQSEFFWYWCQ7DQYN55','mhqtvpsbvvj@hotmail.com','+351 983420914','M',3,'2021-12-25 06:16:20','2021-12-29 00:15:02',0,422);
INSERT INTO ServiceProvider(idSP,description,dateOfBirth,endSub,endSubVip,distance,qualifications,averageRating,idSubscription)VALUES(56,'Pagamento compras dos prestar proposta causa experiência para para currículo da do prestar compras decerto decerto idoso número compras proposta dos proposta nada do ora currículo currículo assim mas refeições as mas pagamento telemóvel.','1960-08-29','2023-01-06 16:39:44','2022-04-17 17:30:09',123,'Ora para as de currículo os fatura vacinas proposta de dinheiro refeições vacinas antes ajuda farmácia pagamento prestar idoso dos cama contrato dinheiro as as farmácia passeios antes medicamentos importar dinheiro prestar fatura prestar para dos assim horas vacinas horário as contrato nada das higiene auxílio companhia antes assim do ajuda experiência horas importar idade fatura telemóvel para importar da da refeições experiência compras os do os contrato refeições cama.',0,4);
INSERT INTO User(idUser,name,password,email,phoneNumber,sex,type,createdAt,lastActivity,active,idLocation)VALUES(57,'Bradley Frye','MY2LHME96YGKRKEXH','kcutjrtn@outlook.com','+351 923112613','M',3,'2021-08-22 17:08:09','2021-09-01 14:12:44',0,378);
INSERT INTO ServiceProvider(idSP,description,dateOfBirth,endSub,endSubVip,distance,qualifications,averageRating,idSubscription)VALUES(57,'Nada refeições assim o contrato dos assim o prestar higiene prestar decerto porque experiência número o número contrato ajuda idade mensagem da dos das idoso do antes decerto o horário farmácia causa os mas da importar os das importar importar higiene idoso número o refeições contrato mas da pagamento número para medicamentos pagamento experiência número farmácia higiene antes as telemóvel do número currículo higiene proposta o passeios.','2002-07-01','2023-02-28 02:49:03',NULL,107,'O vacinas.',0,7);
INSERT INTO User(idUser,name,password,email,phoneNumber,sex,type,createdAt,lastActivity,active,idLocation)VALUES(58,'Patricia Fisk','HZFQMZNRE','zwbnwlaisimwi@hotmail.com','+351 920175651','F',3,'2018-02-21 11:25:08','2019-01-15 05:27:31',1,47);
INSERT INTO ServiceProvider(idSP,description,dateOfBirth,endSub,endSubVip,distance,qualifications,averageRating,idSubscription)VALUES(58,'Horário horário de os número mensagem horário nada compras antes certificado os as número os cama horário passeios contrato para vacinas pagamento das telemóvel dinheiro contrato porque pagamento refeições currículo nada mas auxílio do proposta idade refeições importar número causa experiência compras idoso número mas proposta contrato horário certificado experiência o dos dos da certificado decerto vacinas da importar horas horas a ora.','2000-04-22',NULL,NULL,NULL,'Número porque cama de auxílio companhia nada certificado certificado nada causa número assim fatura nada contrato compras nada nada telemóvel ora assim ajuda nada importar mensagem nada decerto decerto auxílio causa de refeições certificado o do as para para proposta auxílio refeições fatura companhia número antes dos antes nada nada telemóvel cama a passeios compras cama idade ora vacinas higiene proposta os a pagamento experiência certificado porque medicamentos as antes higiene horas decerto ora horas farmácia mas para ora.',0,1);
INSERT INTO User(idUser,name,password,email,phoneNumber,sex,type,createdAt,lastActivity,active,idLocation)VALUES(59,'Charlene Lower','MSM2XGBEH','imire@hotmail.com','+351 967615616','F',3,'2018-11-23 01:30:55','2018-11-26 06:50:40',0,401);
INSERT INTO ServiceProvider(idSP,description,dateOfBirth,endSub,endSubVip,distance,qualifications,averageRating,idSubscription)VALUES(59,'Vacinas medicamentos dinheiro proposta proposta nada.',NULL,'2023-05-12 08:27:05','2023-05-12 08:27:05',14,'Pagamento farmácia pagamento horas contrato proposta importar contrato da nada do mas auxílio dinheiro higiene as companhia fatura as as currículo importar a porque telemóvel refeições dos compras dinheiro horas vacinas auxílio farmácia cama ora farmácia do importar importar telemóvel idade nada contrato horário companhia telemóvel proposta companhia horário porque mensagem antes as horário decerto prestar nada para passeios proposta higiene causa dinheiro mensagem de da compras horas pagamento causa idoso compras vacinas idoso de importar proposta.',0,6);
INSERT INTO User(idUser,name,password,email,phoneNumber,sex,type,createdAt,lastActivity,active,idLocation)VALUES(60,'Hoa Hsu','206DTNW9','edgng@gmail.com','+351 901683073','F',3,'2021-02-01 18:31:49','2021-07-12 16:38:19',1,193);
INSERT INTO ServiceProvider(idSP,description,dateOfBirth,endSub,endSubVip,distance,qualifications,averageRating,idSubscription)VALUES(60,'Compras das farmácia de cama ajuda os porque a passeios farmácia mas causa dinheiro mensagem higiene companhia do medicamentos cama o horário prestar de porque nada medicamentos mensagem medicamentos vacinas número companhia assim ajuda contrato experiência decerto pagamento pagamento compras assim decerto das horas das a causa número nada refeições mensagem do dinheiro dos certificado os porque causa.','1948-03-07','2023-10-23 09:22:03',NULL,NULL,'Currículo pagamento idoso currículo dinheiro horas certificado o.',0,6);
INSERT INTO User(idUser,name,password,email,phoneNumber,sex,type,createdAt,lastActivity,active,idLocation)VALUES(61,'Leroy Hodgkins','L7VE4CX','hznib@hotmail.com',NULL,'M',3,'2018-09-02 02:57:37','2018-12-07 01:16:21',1,766);
INSERT INTO ServiceProvider(idSP,description,dateOfBirth,endSub,endSubVip,distance,qualifications,averageRating,idSubscription)VALUES(61,'A farmácia porque experiência as mas de causa currículo para refeições proposta causa das pagamento idade o a vacinas a pagamento horas experiência para auxílio das o a da ajuda nada as certificado auxílio higiene decerto idade passeios experiência telemóvel dos a importar da idade as higiene compras número experiência proposta os mas causa pagamento ajuda número ajuda o do companhia.','1976-12-07','2023-11-08 17:29:01','2023-11-08 17:29:01',22,'Número idoso para farmácia ora nada refeições auxílio companhia fatura currículo antes das cama decerto mas higiene número proposta de contrato das pagamento fatura antes certificado horário causa importar os ajuda mensagem contrato.',0,5);
INSERT INTO User(idUser,name,password,email,phoneNumber,sex,type,createdAt,lastActivity,active,idLocation)VALUES(62,'Doris Morris','30J9MVZA0R6TV','vpttrgfb@gmail.com','+351 960539654','F',3,'2019-01-30 21:46:33','2020-07-17 14:27:14',0,318);
INSERT INTO ServiceProvider(idSP,description,dateOfBirth,endSub,endSubVip,distance,qualifications,averageRating,idSubscription)VALUES(62,'Telemóvel certificado fatura nada o para nada decerto antes compras assim da refeições companhia dinheiro contrato da telemóvel higiene do pagamento refeições cama idade das as causa decerto prestar higiene decerto do companhia pagamento de de higiene dinheiro cama fatura nada do ora cama antes compras idade certificado o das dos mensagem das.','1946-12-25','2023-12-07 02:06:07','2023-12-07 02:06:07',129,'Vacinas para idoso ora higiene farmácia idade horário currículo proposta vacinas o o idoso contrato horas da do farmácia contrato dos prestar da número prestar farmácia mas mensagem os decerto passeios experiência as porque fatura passeios idade idoso telemóvel idoso causa currículo pagamento mensagem antes telemóvel para das.',0,5);
INSERT INTO User(idUser,name,password,email,phoneNumber,sex,type,createdAt,lastActivity,active,idLocation)VALUES(63,'Sarah Pitt','W8YCVABXQG5Q','fuslweppe@outlook.com','+351 919946611','F',3,'2018-12-16 03:21:18','2021-04-05 07:57:00',1,630);
INSERT INTO ServiceProvider(idSP,description,dateOfBirth,endSub,endSubVip,distance,qualifications,averageRating,idSubscription)VALUES(63,'As o assim passeios farmácia prestar nada dos de passeios cama do número horas pagamento as número dinheiro medicamentos para decerto antes dos idade número antes higiene certificado importar certificado as certificado medicamentos dinheiro antes higiene experiência experiência contrato do medicamentos do decerto telemóvel de experiência medicamentos nada fatura horas ora experiência horário refeições certificado para contrato antes antes.',NULL,'2023-09-27 02:15:35',NULL,92,'Proposta os importar da telemóvel companhia telemóvel ora causa telemóvel os ora ajuda dinheiro dos fatura antes horário experiência para currículo experiência porque assim porque o causa para auxílio decerto proposta companhia importar farmácia porque idoso farmácia experiência do número vacinas horas idade cama.',0,4);
INSERT INTO User(idUser,name,password,email,phoneNumber,sex,type,createdAt,lastActivity,active,idLocation)VALUES(64,'Audrey Cass','7EAYKEDVWCTHXSC70X9','fhyabbsrf@hotmail.com','+351 935651895','F',3,'2019-10-05 07:58:18','2019-11-13 04:39:02',1,8);
INSERT INTO ServiceProvider(idSP,description,dateOfBirth,endSub,endSubVip,distance,qualifications,averageRating,idSubscription)VALUES(64,'Proposta higiene telemóvel horas nada assim os medicamentos medicamentos passeios medicamentos higiene horas para mensagem auxílio fatura horas causa currículo importar experiência vacinas proposta antes o idade ajuda das do decerto farmácia as pagamento pagamento dos.','1972-10-30','2023-05-29 05:12:37','2022-01-16 02:58:45',12,'Dos dinheiro contrato antes ora das mas proposta idoso horas os pagamento nada horas horário dos prestar para horário horário fatura pagamento passeios medicamentos da decerto refeições para importar horário ora higiene causa a mensagem assim cama porque compras mensagem fatura mas os experiência higiene companhia os horas vacinas antes idade porque experiência das certificado currículo prestar para.',0,3);
INSERT INTO User(idUser,name,password,email,phoneNumber,sex,type,createdAt,lastActivity,active,idLocation)VALUES(65,'Cathy Quinn','RD55U3CXT','pbtxf@gmail.com',NULL,'F',3,'2021-09-08 10:01:11','2021-11-29 06:32:04',0,712);
INSERT INTO ServiceProvider(idSP,description,dateOfBirth,endSub,endSubVip,distance,qualifications,averageRating,idSubscription)VALUES(65,'As higiene auxílio compras prestar horas farmácia companhia do do idoso ora mensagem idoso medicamentos mas porque idade causa do prestar telemóvel dinheiro horário horas idoso decerto cama passeios ora idade idade o proposta importar companhia pagamento da assim assim dinheiro as porque porque telemóvel horário porque experiência causa telemóvel ajuda passeios idoso importar compras refeições prestar porque compras importar a antes dinheiro currículo fatura prestar os contrato refeições vacinas medicamentos passeios idoso farmácia.','1996-04-23','2023-08-08 06:18:26',NULL,NULL,'Número a a prestar nada de mensagem os cama porque medicamentos auxílio refeições refeições refeições ajuda horário telemóvel horas horas assim farmácia medicamentos importar currículo mensagem higiene dos currículo currículo passeios farmácia mas ajuda mas refeições mensagem proposta certificado número assim dinheiro contrato refeições.',0,2);
INSERT INTO User(idUser,name,password,email,phoneNumber,sex,type,createdAt,lastActivity,active,idLocation)VALUES(66,'James Kimmel','R4WGAEM5D3V1892UPD','lthjtc@outlook.com','+351 928449280','I',3,'2019-12-28 20:47:54','2020-11-24 13:12:04',0,676);
INSERT INTO ServiceProvider(idSP,description,dateOfBirth,endSub,endSubVip,distance,qualifications,averageRating,idSubscription)VALUES(66,'Medicamentos experiência mensagem as importar de ora companhia do idoso dinheiro auxílio pagamento os auxílio auxílio telemóvel da de do experiência higiene das telemóvel experiência currículo número companhia compras dinheiro número cama o nada dos medicamentos ajuda antes.','1965-07-11',NULL,NULL,57,'De porque prestar horário das horas ora telemóvel os assim das passeios cama assim refeições experiência passeios as de idoso do número ajuda das mas horas importar da horário antes medicamentos experiência das experiência dinheiro idoso auxílio horário farmácia para nada medicamentos experiência higiene ora.',0,1);
INSERT INTO User(idUser,name,password,email,phoneNumber,sex,type,createdAt,lastActivity,active,idLocation)VALUES(67,'Bridget Kidd','RJFDL4YEC9A','tbunmzxd@outlook.com','+351 942557003','F',3,'2017-02-05 01:02:26','2018-10-11 09:54:59',1,46);
INSERT INTO ServiceProvider(idSP,description,dateOfBirth,endSub,endSubVip,distance,qualifications,averageRating,idSubscription)VALUES(67,'A do importar idade idoso companhia de experiência medicamentos passeios das importar para horário medicamentos medicamentos horas companhia fatura cama os mensagem nada telemóvel causa companhia fatura passeios horas ajuda farmácia currículo currículo de horário vacinas fatura mas companhia telemóvel mas.','1942-08-17','2023-03-15 03:16:51','2023-03-15 03:16:51',NULL,'Telemóvel telemóvel ajuda importar dinheiro porque higiene horas farmácia os causa antes da dos dos cama decerto decerto contrato para horário proposta ajuda idoso fatura higiene passeios refeições importar currículo da causa antes mensagem do mensagem causa ajuda farmácia importar nada pagamento porque idoso a horas currículo cama higiene assim cama medicamentos prestar certificado dos fatura idade ajuda vacinas o antes os para ajuda.',0,5);
INSERT INTO User(idUser,name,password,email,phoneNumber,sex,type,createdAt,lastActivity,active,idLocation)VALUES(68,'Agnes Odom','8R4R0PCBUQ49EVMP66A','tlhiixzcnmrdj@outlook.com','+351 980637522','F',3,'2018-05-06 05:01:40','2019-01-13 08:56:18',0,97);
INSERT INTO ServiceProvider(idSP,description,dateOfBirth,endSub,endSubVip,distance,qualifications,averageRating,idSubscription)VALUES(68,'Para fatura decerto porque o os mensagem assim compras contrato as contrato cama número os contrato da dos contrato passeios antes.','1987-03-23','2023-03-18 10:29:17','2023-03-18 10:29:17',NULL,'Companhia importar passeios horas para para ora compras ajuda das porque dos idoso refeições antes porque importar ora assim fatura fatura nada para certificado decerto fatura prestar refeições decerto refeições ora ora importar decerto horas farmácia idade mas refeições experiência compras currículo dos compras porque horário de.',0,7);
INSERT INTO User(idUser,name,password,email,phoneNumber,sex,type,createdAt,lastActivity,active,idLocation)VALUES(69,'Dale Ventura','FRBGHHFPDZSZD7JMD0CP','frelv@gmail.com','+351 914932575','M',3,'2020-10-19 14:34:14','2020-12-20 04:52:39',1,724);
INSERT INTO ServiceProvider(idSP,description,dateOfBirth,endSub,endSubVip,distance,qualifications,averageRating,idSubscription)VALUES(69,'Cama ajuda pagamento telemóvel idoso proposta contrato ora currículo nada telemóvel farmácia idade telemóvel os horário porque horas auxílio idade idoso ora idoso companhia das nada para companhia passeios porque companhia nada higiene prestar antes contrato certificado a assim mensagem higiene experiência mas número importar fatura idade telemóvel ajuda companhia de.','1949-09-01',NULL,NULL,63,'Antes de contrato do mas nada vacinas mensagem assim da pagamento pagamento farmácia auxílio horário nada pagamento passeios assim do currículo auxílio os dos os certificado causa.',0,1);
INSERT INTO User(idUser,name,password,email,phoneNumber,sex,type,createdAt,lastActivity,active,idLocation)VALUES(70,'Katrina Cleveland','WT4K5BB6UD34DSXD7L','xpjbhcgtmtv@gmail.com','+351 964117684','F',3,'2019-04-26 13:19:13','2019-06-14 22:51:12',1,225);
INSERT INTO ServiceProvider(idSP,description,dateOfBirth,endSub,endSubVip,distance,qualifications,averageRating,idSubscription)VALUES(70,'Idoso cama medicamentos da refeições ora certificado assim a auxílio dos decerto companhia experiência vacinas porque experiência nada idade o as medicamentos companhia os horas os horas porque porque ora certificado proposta mas ora o os certificado dos do o nada dos a currículo da a passeios da a contrato de certificado para para causa.','1946-04-12','2023-08-02 10:01:09','2023-08-02 10:01:09',126,'Das porque a mensagem proposta do compras pagamento contrato companhia pagamento assim experiência refeições decerto experiência da ora contrato fatura currículo contrato currículo compras passeios mensagem das as das telemóvel proposta de idoso as da número medicamentos decerto idade nada dinheiro nada companhia idoso causa passeios cama horário o prestar do currículo telemóvel das horas dinheiro ora de auxílio.',0,2);
INSERT INTO User(idUser,name,password,email,phoneNumber,sex,type,createdAt,lastActivity,active,idLocation)VALUES(71,'Eric Westphal','7KFRR3ETXL9BA8QQFT','gdobzxjwmqv@gmail.com',NULL,'M',3,'2018-06-13 01:03:03','2019-02-12 15:00:36',1,137);
INSERT INTO ServiceProvider(idSP,description,dateOfBirth,endSub,endSubVip,distance,qualifications,averageRating,idSubscription)VALUES(71,'Horas refeições ora da mensagem proposta higiene ajuda refeições ora assim medicamentos.','2002-07-16','2023-09-13 01:33:43',NULL,79,'Dos refeições idoso certificado número importar cama passeios idoso certificado fatura idoso horário telemóvel a currículo contrato idoso horas medicamentos cama os refeições dinheiro proposta as da os o cama vacinas telemóvel importar horário prestar currículo currículo auxílio contrato os mensagem horas cama ajuda companhia assim.',0,4);
INSERT INTO User(idUser,name,password,email,phoneNumber,sex,type,createdAt,lastActivity,active,idLocation)VALUES(72,'Adrian Downs','M0CYARBKRW','czzekbimjt@hotmail.com',NULL,'F',3,'2021-12-10 11:19:30','2021-12-12 01:04:04',1,159);
INSERT INTO ServiceProvider(idSP,description,dateOfBirth,endSub,endSubVip,distance,qualifications,averageRating,idSubscription)VALUES(72,'Horas da mensagem farmácia da experiência antes certificado a os passeios telemóvel experiência.','1947-09-22',NULL,NULL,6,'Idoso nada experiência causa compras contrato mensagem idoso número idoso da medicamentos vacinas experiência para decerto experiência antes refeições passeios os horas higiene da telemóvel horário causa certificado horas higiene do a contrato certificado do telemóvel vacinas nada das contrato ajuda horas ora ajuda contrato das compras o cama companhia das dos prestar nada nada horas ora causa importar porque da mas causa dinheiro ora telemóvel idade idade o das porque.',0,1);
INSERT INTO User(idUser,name,password,email,phoneNumber,sex,type,createdAt,lastActivity,active,idLocation)VALUES(73,'Darryl Flansburg','6KAP2HSN76769','iwhzedjhfkwl@hotmail.com','+351 968899864','M',3,'2019-06-28 11:35:15','2019-06-30 23:08:03',1,84);
INSERT INTO ServiceProvider(idSP,description,dateOfBirth,endSub,endSubVip,distance,qualifications,averageRating,idSubscription)VALUES(73,'Idade mensagem contrato para o fatura currículo idade assim assim decerto auxílio antes mensagem porque idoso pagamento cama horário de idade passeios de cama idoso medicamentos vacinas proposta cama telemóvel de do das cama número prestar pagamento as.','2001-12-01','2023-01-04 08:43:58',NULL,140,'De vacinas assim proposta ajuda vacinas porque vacinas refeições farmácia decerto contrato fatura horário certificado assim auxílio ora a pagamento prestar de auxílio mas as do cama pagamento auxílio refeições prestar auxílio de companhia horário proposta para ora auxílio do porque porque farmácia porque proposta ajuda do nada vacinas idoso ora número experiência o as a refeições ajuda idoso decerto nada causa dos para cama ajuda medicamentos refeições companhia dos pagamento cama assim compras higiene passeios vacinas passeios.',0,5);
INSERT INTO User(idUser,name,password,email,phoneNumber,sex,type,createdAt,lastActivity,active,idLocation)VALUES(74,'Joni Ahlstrom','D1LG2MX7VJ','juitq@hotmail.com','+351 932476759','F',3,'2020-01-02 06:28:11','2021-10-04 10:25:00',1,355);
INSERT INTO ServiceProvider(idSP,description,dateOfBirth,endSub,endSubVip,distance,qualifications,averageRating,idSubscription)VALUES(74,'Os número de companhia a porque importar companhia horas nada horas horas porque ajuda das do pagamento antes do pagamento do porque o companhia para causa a refeições contrato para os.','1944-10-03','2023-03-27 08:22:38','2022-06-30 08:59:34',NULL,'O certificado idoso higiene idoso prestar cama medicamentos assim mensagem as ajuda refeições de companhia dos nada higiene.',0,5);
INSERT INTO User(idUser,name,password,email,phoneNumber,sex,type,createdAt,lastActivity,active,idLocation)VALUES(75,'Mary Ponce','UN2Z8YWFBN6XKLP','nquhjatn@outlook.com','+351 935508262','F',3,'2019-12-02 02:26:57','2020-10-17 03:55:34',1,72);
INSERT INTO ServiceProvider(idSP,description,dateOfBirth,endSub,endSubVip,distance,qualifications,averageRating,idSubscription)VALUES(75,'Experiência idoso causa higiene horário mensagem o compras decerto higiene idoso horas auxílio proposta contrato os prestar.','1976-02-26',NULL,NULL,98,'Para dos de mensagem porque mensagem dinheiro telemóvel contrato as o horas a mas porque antes telemóvel a refeições prestar pagamento do currículo horário decerto horário fatura experiência telemóvel importar número medicamentos pagamento as mas horas refeições antes os auxílio causa idoso mensagem cama horas do companhia dos das prestar vacinas higiene do medicamentos para do contrato dos antes nada idade a contrato companhia número da causa as importar antes número causa refeições.',0,1);
INSERT INTO User(idUser,name,password,email,phoneNumber,sex,type,createdAt,lastActivity,active,idLocation)VALUES(76,'Carly Harrison','BBXW6LQZKGRU70AM','crruz@hotmail.com','+351 956953101','F',3,'2018-11-16 14:41:50','2018-11-21 05:29:25',1,387);
INSERT INTO ServiceProvider(idSP,description,dateOfBirth,endSub,endSubVip,distance,qualifications,averageRating,idSubscription)VALUES(76,'Idade assim idade contrato nada os proposta dinheiro número para.','1957-12-05','2023-03-19 11:47:34',NULL,133,'Pagamento do pagamento mas refeições da passeios mensagem decerto importar fatura passeios porque dinheiro causa o fatura o os para causa causa vacinas contrato os experiência nada os assim certificado.',0,7);
INSERT INTO User(idUser,name,password,email,phoneNumber,sex,type,createdAt,lastActivity,active,idLocation)VALUES(77,'Keturah Fleming','UKCSXWY6YB1ZQY7LM','vjbggl@outlook.com','+351 902901821','F',3,'2021-05-19 13:17:14','2021-09-18 01:21:18',1,179);
INSERT INTO ServiceProvider(idSP,description,dateOfBirth,endSub,endSubVip,distance,qualifications,averageRating,idSubscription)VALUES(77,'Importar compras contrato o compras assim telemóvel horário para horário vacinas mas telemóvel dinheiro prestar mensagem decerto dinheiro vacinas cama idade do porque contrato decerto proposta decerto passeios das os passeios cama do companhia para auxílio cama experiência importar certificado decerto importar ajuda os mensagem dinheiro dos decerto vacinas importar as importar ora cama.','1966-12-06','2023-10-12 04:31:07','2023-10-12 04:31:07',122,'Mensagem certificado mensagem ora.',0,6);
INSERT INTO User(idUser,name,password,email,phoneNumber,sex,type,createdAt,lastActivity,active,idLocation)VALUES(78,'Jeanette Stanfield','UE4DABVJKMKZ','adzoxo@gmail.com',NULL,'F',3,'2021-02-23 12:15:56','2021-04-22 21:37:23',0,482);
INSERT INTO ServiceProvider(idSP,description,dateOfBirth,endSub,endSubVip,distance,qualifications,averageRating,idSubscription)VALUES(78,'Os medicamentos a da ora cama proposta dinheiro contrato contrato companhia a a antes medicamentos higiene fatura farmácia os cama causa de vacinas proposta pagamento idade do mensagem porque idade idoso currículo de.','1997-02-16','2023-05-24 13:24:33',NULL,117,'Dos idoso ajuda telemóvel idoso os decerto os certificado importar os ora assim currículo importar dos certificado farmácia das pagamento horário do refeições companhia para currículo ora refeições dinheiro decerto mas.',0,2);
INSERT INTO User(idUser,name,password,email,phoneNumber,sex,type,createdAt,lastActivity,active,idLocation)VALUES(79,'Mayra Benedict','D9PUCDJV9ETQS9SS80RM','xwvrmllhsrltn@hotmail.com',NULL,'F',3,'2020-12-30 18:48:15','2021-01-30 19:46:51',1,677);
INSERT INTO ServiceProvider(idSP,description,dateOfBirth,endSub,endSubVip,distance,qualifications,averageRating,idSubscription)VALUES(79,'Horas telemóvel certificado compras companhia higiene assim compras experiência pagamento nada das experiência auxílio dinheiro decerto antes das higiene cama refeições da importar compras compras horário fatura idade refeições das do decerto porque horas porque horas.',NULL,NULL,NULL,NULL,'Telemóvel idoso ora passeios pagamento ajuda proposta compras do auxílio a dinheiro os mensagem decerto do companhia mas farmácia de os horário das dinheiro decerto das proposta para do certificado.',0,1);
INSERT INTO User(idUser,name,password,email,phoneNumber,sex,type,createdAt,lastActivity,active,idLocation)VALUES(80,'Mark Sammons','5QDNMJ6','ilqiok@hotmail.com','+351 991631663','M',3,'2019-05-18 20:10:47','2021-06-07 11:53:30',1,772);
INSERT INTO ServiceProvider(idSP,description,dateOfBirth,endSub,endSubVip,distance,qualifications,averageRating,idSubscription)VALUES(80,'Cama antes farmácia para prestar farmácia número higiene horas nada fatura medicamentos passeios cama experiência pagamento assim higiene passeios o ajuda da dinheiro currículo as fatura horas fatura experiência proposta decerto mas compras currículo horas de a currículo assim ora compras porque das currículo.','1998-06-15','2023-11-29 01:00:04','2022-09-30 06:24:53',45,'De as os ajuda as proposta os importar currículo número fatura fatura compras horário medicamentos do assim da importar farmácia assim das da mas assim nada número.',0,2);
INSERT INTO User(idUser,name,password,email,phoneNumber,sex,type,createdAt,lastActivity,active,idLocation)VALUES(81,'Shawn Cornell','RFBQ0V9ARKDZT','gilsmxvrbcr@hotmail.com',NULL,'M',3,'2021-04-11 02:59:27','2021-12-09 16:47:49',0,582);
INSERT INTO ServiceProvider(idSP,description,dateOfBirth,endSub,endSubVip,distance,qualifications,averageRating,idSubscription)VALUES(81,'Decerto cama causa ajuda nada pagamento as do farmácia cama nada idade farmácia da nada número nada prestar o compras mensagem do do o proposta idoso as contrato dinheiro da ora a decerto número as auxílio medicamentos telemóvel para do telemóvel farmácia compras importar dinheiro do proposta.','2004-05-04','2023-05-17 08:28:02','2022-10-18 15:39:10',40,'Decerto telemóvel medicamentos prestar para das.',0,2);
INSERT INTO User(idUser,name,password,email,phoneNumber,sex,type,createdAt,lastActivity,active,idLocation)VALUES(82,'Adrian Murphy','63HNBBZPZV47Q','hsilmtofshwbm@gmail.com','+351 917822337','M',3,'2017-10-04 22:44:59','2021-05-09 21:17:30',0,139);
INSERT INTO ServiceProvider(idSP,description,dateOfBirth,endSub,endSubVip,distance,qualifications,averageRating,idSubscription)VALUES(82,'Horário experiência importar importar mas do prestar companhia para de causa importar decerto companhia ora pagamento mas cama mensagem dos idoso horário companhia porque da compras mas as nada para das experiência fatura certificado companhia medicamentos idoso prestar companhia idade dos as assim auxílio pagamento dos idoso os dinheiro número horas da ajuda antes idade compras a certificado idoso do certificado dinheiro dinheiro dinheiro a da nada ora idoso antes proposta auxílio.','1993-08-03','2023-05-14 16:26:48','2023-05-14 16:26:48',70,'Dos do mensagem decerto compras porque horas farmácia companhia higiene as compras higiene auxílio mensagem ora refeições telemóvel farmácia as contrato decerto causa auxílio horário certificado horas das decerto mensagem farmácia os higiene ajuda farmácia dinheiro fatura contrato higiene telemóvel para porque currículo importar higiene experiência fatura das número decerto assim idoso.',0,6);
INSERT INTO User(idUser,name,password,email,phoneNumber,sex,type,createdAt,lastActivity,active,idLocation)VALUES(83,'Bobby Kapper','MZTG11Q4U0FKHT8','nyxrqgbqnqj@outlook.com','+351 962447130','M',3,'2018-05-09 18:55:40','2019-10-15 21:39:55',1,357);
INSERT INTO ServiceProvider(idSP,description,dateOfBirth,endSub,endSubVip,distance,qualifications,averageRating,idSubscription)VALUES(83,'Porque de idoso refeições contrato nada companhia as ora passeios companhia telemóvel número número contrato de do prestar mas assim da currículo currículo das currículo de da.','1949-08-16','2023-05-06 03:30:42','2023-05-06 03:30:42',NULL,'Dos dinheiro importar número.',0,6);
INSERT INTO User(idUser,name,password,email,phoneNumber,sex,type,createdAt,lastActivity,active,idLocation)VALUES(84,'Michelle Back','8YUPP121G8RJVXV8J7','meljawandl@outlook.com','+351 972157189','F',3,'2021-02-21 00:31:21','2021-10-19 15:22:37',0,655);
INSERT INTO ServiceProvider(idSP,description,dateOfBirth,endSub,endSubVip,distance,qualifications,averageRating,idSubscription)VALUES(84,'Cama antes passeios o mensagem currículo nada das ora idade dos telemóvel horário as compras número dos passeios farmácia o para do decerto horário porque passeios assim a assim cama as horário idoso compras auxílio antes do decerto ajuda do porque horas assim higiene do dos cama os o do auxílio dinheiro para para fatura ajuda o o cama higiene porque pagamento decerto da telemóvel prestar higiene cama porque das proposta contrato decerto currículo idoso idade.','1948-11-23','2023-03-11 18:45:50','2022-11-12 01:40:33',NULL,'Vacinas vacinas passeios ajuda ora número prestar experiência assim compras auxílio currículo currículo ajuda currículo importar os proposta idade medicamentos idade causa dinheiro a farmácia refeições mensagem idoso do ora proposta de as horário nada de de higiene vacinas mensagem antes do.',0,7);
INSERT INTO User(idUser,name,password,email,phoneNumber,sex,type,createdAt,lastActivity,active,idLocation)VALUES(85,'Janet Turk','X0GKBPDZR6A','dezzdvnosczup@hotmail.com','+351 930752309','F',3,'2017-09-30 14:31:40','2017-09-30 14:31:40',1,226);
INSERT INTO ServiceProvider(idSP,description,dateOfBirth,endSub,endSubVip,distance,qualifications,averageRating,idSubscription)VALUES(85,'O causa refeições contrato importar experiência das ora medicamentos dinheiro o vacinas fatura auxílio prestar certificado pagamento refeições compras medicamentos dinheiro das os telemóvel horário farmácia contrato idoso fatura das telemóvel a número decerto para experiência a mensagem cama importar da experiência horas número proposta experiência assim currículo proposta de proposta currículo refeições para idoso importar horas decerto medicamentos dos ajuda para a antes horário telemóvel de proposta.','1963-12-16','2023-06-16 18:59:56','2022-01-01 20:59:35',129,'Assim a o do as porque prestar nada proposta importar companhia experiência contrato horário número contrato telemóvel certificado experiência telemóvel mensagem prestar a mas os medicamentos vacinas medicamentos telemóvel dinheiro currículo das o higiene do número prestar experiência auxílio refeições ajuda número contrato farmácia o para das passeios mas compras mensagem porque compras higiene medicamentos as mas dos currículo proposta horário passeios para certificado cama número das currículo dos higiene importar ora causa da compras do importar.',0,7);
INSERT INTO User(idUser,name,password,email,phoneNumber,sex,type,createdAt,lastActivity,active,idLocation)VALUES(86,'Anthony Bennett','9BHLGZ8UU4SDA','cwgtwtojse@gmail.com',NULL,'M',3,'2019-06-24 03:02:30','2020-12-07 11:36:53',0,340);
INSERT INTO ServiceProvider(idSP,description,dateOfBirth,endSub,endSubVip,distance,qualifications,averageRating,idSubscription)VALUES(86,'Vacinas idoso experiência ajuda contrato currículo telemóvel medicamentos farmácia das assim certificado auxílio prestar currículo vacinas das contrato contrato para da farmácia refeições mensagem nada refeições idoso telemóvel currículo antes horário nada telemóvel passeios auxílio contrato cama medicamentos contrato o da a assim auxílio cama companhia contrato de vacinas pagamento vacinas idade porque mensagem idade mensagem da.','2002-03-28','2023-10-16 03:45:40','2022-04-07 16:49:51',1,'Refeições refeições cama contrato farmácia assim currículo idade assim dos para nada contrato porque causa mensagem farmácia dinheiro importar mensagem causa porque cama auxílio os fatura vacinas de cama cama auxílio das auxílio assim idoso assim mensagem número antes as para da assim cama mensagem experiência antes mensagem pagamento mensagem para pagamento os contrato compras companhia antes a ora horário ajuda número o horas importar para contrato refeições currículo higiene dinheiro compras refeições número idoso ora.',0,6);
INSERT INTO User(idUser,name,password,email,phoneNumber,sex,type,createdAt,lastActivity,active,idLocation)VALUES(87,'Deborah Hamm','VH2K4DS85QAMLF6N8','bwrcgsbcvqp@hotmail.com','+351 911825993','F',3,'2018-08-30 02:17:06','2021-02-04 03:25:12',0,257);
INSERT INTO ServiceProvider(idSP,description,dateOfBirth,endSub,endSubVip,distance,qualifications,averageRating,idSubscription)VALUES(87,'Vacinas das higiene mas pagamento experiência nada das currículo higiene currículo a auxílio as número currículo da idade o medicamentos mensagem assim compras importar prestar auxílio auxílio nada os fatura cama decerto porque idade vacinas assim horário nada telemóvel os decerto auxílio higiene ajuda ajuda as cama pagamento higiene causa fatura idoso antes companhia das medicamentos decerto idade telemóvel as a proposta antes certificado.','1991-02-02','2023-09-20 01:37:06','2022-01-04 21:45:51',NULL,'Pagamento companhia compras passeios os telemóvel contrato fatura decerto mensagem decerto passeios mas dinheiro mas horas medicamentos higiene da farmácia certificado horas ajuda horário auxílio das idoso passeios refeições telemóvel cama dos telemóvel auxílio porque idade porque passeios antes higiene ajuda pagamento porque dinheiro pagamento contrato mensagem telemóvel ajuda experiência dinheiro decerto passeios compras para assim para higiene horário antes passeios mas proposta antes experiência antes prestar dinheiro decerto ora o importar mensagem mas passeios.',0,5);
INSERT INTO User(idUser,name,password,email,phoneNumber,sex,type,createdAt,lastActivity,active,idLocation)VALUES(88,'Sherry Porter','8FXKR15MXZCTLUS2','jrqkqwtg@gmail.com','+351 992345025','F',3,'2021-12-26 04:36:36','2021-12-29 16:35:19',0,248);
INSERT INTO ServiceProvider(idSP,description,dateOfBirth,endSub,endSubVip,distance,qualifications,averageRating,idSubscription)VALUES(88,'Proposta proposta causa de prestar experiência idoso dos das mas auxílio idoso para cama assim mas assim compras farmácia nada farmácia proposta decerto horas farmácia número refeições auxílio passeios porque medicamentos telemóvel a medicamentos os assim número idoso porque compras ajuda refeições nada cama cama ajuda compras compras horário da currículo da mensagem medicamentos currículo compras horário nada cama importar idade compras porque decerto das certificado nada os assim proposta.','1949-04-02',NULL,NULL,47,'Pagamento idade assim proposta porque os assim passeios os medicamentos dos porque horário contrato nada medicamentos vacinas número medicamentos de currículo cama refeições porque ajuda o das dinheiro os horas decerto da.',0,1);
INSERT INTO User(idUser,name,password,email,phoneNumber,sex,type,createdAt,lastActivity,active,idLocation)VALUES(89,'Nancy Carman','PS1ULTC5R5SMBRY','gdkeff@gmail.com',NULL,'F',3,'2017-02-24 10:13:34','2019-04-07 14:26:56',0,567);
INSERT INTO ServiceProvider(idSP,description,dateOfBirth,endSub,endSubVip,distance,qualifications,averageRating,idSubscription)VALUES(89,'Do passeios causa nada mas cama causa para horário cama causa nada porque causa idade antes compras compras refeições ajuda higiene assim mas certificado cama compras vacinas para horário a dos ajuda nada número proposta importar os a proposta cama refeições currículo assim medicamentos os os prestar de experiência horas idade telemóvel horas experiência prestar cama nada medicamentos mensagem dinheiro passeios antes telemóvel decerto assim antes pagamento nada do.','2000-10-16','2023-03-17 13:04:39',NULL,NULL,'Fatura prestar passeios importar mensagem idoso passeios.',0,5);
INSERT INTO User(idUser,name,password,email,phoneNumber,sex,type,createdAt,lastActivity,active,idLocation)VALUES(90,'Richard Moore','V7QJFBQEGH8','ilkkemaxx@hotmail.com','+351 905122490','M',3,'2021-01-01 11:17:38','2021-09-04 00:21:45',0,474);
INSERT INTO ServiceProvider(idSP,description,dateOfBirth,endSub,endSubVip,distance,qualifications,averageRating,idSubscription)VALUES(90,'A do mas experiência medicamentos horário ajuda compras antes experiência cama número os experiência assim do assim pagamento mensagem passeios idade cama antes assim contrato para do decerto contrato das nada ajuda ora horas número decerto prestar mas refeições prestar horas telemóvel das farmácia para da cama companhia farmácia a companhia proposta auxílio auxílio nada prestar para certificado dos dinheiro mensagem pagamento as certificado porque.','1953-06-01',NULL,NULL,75,'Ajuda das currículo horário horas.',0,1);
INSERT INTO User(idUser,name,password,email,phoneNumber,sex,type,createdAt,lastActivity,active,idLocation)VALUES(91,'Alan Vogt','PPDHP0HBE488P0','tpxwxwvcjccp@outlook.com','+351 902661154','M',3,'2018-03-03 04:40:55','2020-04-07 08:34:02',0,243);
INSERT INTO ServiceProvider(idSP,description,dateOfBirth,endSub,endSubVip,distance,qualifications,averageRating,idSubscription)VALUES(91,'Currículo currículo importar vacinas antes horas horário assim refeições experiência vacinas prestar.','1997-09-27','2023-05-30 03:29:08','2023-05-30 03:29:08',26,'Auxílio o telemóvel nada telemóvel os decerto número vacinas assim auxílio medicamentos telemóvel.',0,7);
INSERT INTO User(idUser,name,password,email,phoneNumber,sex,type,createdAt,lastActivity,active,idLocation)VALUES(92,'James Ledbetter','EZ0BASS6','aqeru@hotmail.com','+351 977485668','M',3,'2018-06-28 22:56:34','2019-11-07 19:37:58',0,489);
INSERT INTO ServiceProvider(idSP,description,dateOfBirth,endSub,endSubVip,distance,qualifications,averageRating,idSubscription)VALUES(92,'Fatura contrato auxílio companhia mas farmácia vacinas telemóvel assim cama companhia mas porque passeios companhia higiene idade contrato fatura da os proposta mensagem companhia antes contrato porque farmácia da dos mensagem cama prestar pagamento currículo contrato auxílio telemóvel mensagem cama os companhia contrato medicamentos fatura dinheiro companhia contrato experiência compras horário proposta assim mensagem prestar cama ajuda antes as.','1981-09-18','2023-03-16 07:33:56','2023-03-16 07:33:56',9,'Nada experiência das pagamento os certificado antes de fatura passeios farmácia farmácia número pagamento horas porque contrato decerto para companhia das refeições refeições medicamentos causa dos as decerto auxílio refeições idoso higiene ora compras currículo companhia nada porque passeios os antes proposta currículo dos compras.',0,3);
INSERT INTO User(idUser,name,password,email,phoneNumber,sex,type,createdAt,lastActivity,active,idLocation)VALUES(93,'Charles Murray','AJZFBAPBEMRJU123NQR','fbrgpp@gmail.com','+351 946995540','M',3,'2018-07-09 12:23:45','2020-11-28 20:39:04',1,477);
INSERT INTO ServiceProvider(idSP,description,dateOfBirth,endSub,endSubVip,distance,qualifications,averageRating,idSubscription)VALUES(93,'De farmácia dinheiro dinheiro experiência pagamento proposta antes auxílio fatura importar.','1944-04-04',NULL,NULL,29,'Mensagem farmácia antes os as dos mas cama os número telemóvel horário as idoso ajuda importar importar currículo assim mensagem idade antes higiene passeios mensagem fatura de ora horas de antes vacinas horário mas ajuda experiência proposta ora as contrato proposta medicamentos assim higiene experiência idoso do os pagamento horário refeições cama prestar vacinas companhia vacinas companhia do.',0,1);
INSERT INTO User(idUser,name,password,email,phoneNumber,sex,type,createdAt,lastActivity,active,idLocation)VALUES(94,'Ruth Piraino','RJVL0N9PK7EYFZGLT','ldkmj@gmail.com','+351 978561446','F',3,'2020-12-10 07:51:20','2020-12-27 03:38:36',0,405);
INSERT INTO ServiceProvider(idSP,description,dateOfBirth,endSub,endSubVip,distance,qualifications,averageRating,idSubscription)VALUES(94,'O ajuda decerto a horário porque cama da telemóvel contrato certificado proposta do passeios porque mensagem idoso idade farmácia nada farmácia ajuda currículo prestar dinheiro prestar das pagamento do causa farmácia fatura das ora mas a passeios cama nada compras para proposta compras auxílio medicamentos porque causa currículo compras ora fatura cama idade companhia proposta compras porque das das experiência as de para nada medicamentos.','1950-05-08','2023-10-18 03:01:11',NULL,3,'Vacinas telemóvel certificado ora passeios auxílio currículo mas proposta auxílio causa fatura pagamento experiência assim.',0,3);
INSERT INTO User(idUser,name,password,email,phoneNumber,sex,type,createdAt,lastActivity,active,idLocation)VALUES(95,'Karla Parsons','4QADFPHPSJT5Q9RS956B','dbsaskhmljy@gmail.com','+351 998473180','F',3,'2018-08-18 19:56:38','2018-11-04 23:51:26',1,207);
INSERT INTO ServiceProvider(idSP,description,dateOfBirth,endSub,endSubVip,distance,qualifications,averageRating,idSubscription)VALUES(95,'Dos ajuda compras dos auxílio as passeios para farmácia ajuda dinheiro de os idade idade causa refeições mas para telemóvel o passeios prestar nada mas antes ajuda farmácia higiene assim currículo o telemóvel prestar refeições pagamento pagamento idoso das para importar número experiência dinheiro.','1942-08-19','2023-02-09 01:00:32','2022-07-17 02:24:17',NULL,'Medicamentos contrato a os assim passeios prestar currículo causa higiene idoso horário telemóvel o contrato o higiene medicamentos ora mas pagamento antes os número cama medicamentos higiene refeições refeições medicamentos horas mas porque antes antes dos ajuda proposta nada horas fatura proposta horário o mas causa compras cama para do currículo idade dos do idade.',0,4);
INSERT INTO User(idUser,name,password,email,phoneNumber,sex,type,createdAt,lastActivity,active,idLocation)VALUES(96,'Angelique Sorg','RXTQ580TANE1M6QZ','uelnetzfho@outlook.com','+351 967452787','F',3,'2020-05-01 13:26:43','2020-07-20 01:14:20',1,506);
INSERT INTO ServiceProvider(idSP,description,dateOfBirth,endSub,endSubVip,distance,qualifications,averageRating,idSubscription)VALUES(96,'Horário mas as currículo certificado horário das decerto o antes experiência proposta cama prestar farmácia telemóvel assim ora auxílio antes de currículo das mas para as para causa idoso higiene.','1991-05-10',NULL,NULL,92,'Farmácia os as telemóvel cama de vacinas fatura higiene assim o prestar das medicamentos das dos certificado horário número as idoso medicamentos dinheiro experiência assim vacinas mensagem ora mensagem ora farmácia contrato para companhia horário cama companhia currículo o para pagamento cama da de experiência da os importar passeios as higiene pagamento ajuda telemóvel horas nada mas contrato vacinas ajuda horário contrato prestar de causa mensagem refeições.',0,1);
INSERT INTO User(idUser,name,password,email,phoneNumber,sex,type,createdAt,lastActivity,active,idLocation)VALUES(97,'Julia Jackson','B8HWHE4F9','rgqsqmys@outlook.com','+351 905372660','F',3,'2019-09-11 14:10:41','2020-06-25 01:23:46',1,77);
INSERT INTO ServiceProvider(idSP,description,dateOfBirth,endSub,endSubVip,distance,qualifications,averageRating,idSubscription)VALUES(97,'Vacinas proposta telemóvel decerto ora nada as passeios companhia as horário das ajuda certificado pagamento passeios compras a de certificado medicamentos número prestar dinheiro importar farmácia antes horário currículo currículo passeios da das refeições a contrato.','2001-06-09','2023-03-18 07:12:27','2023-03-18 07:12:27',29,'Pagamento experiência refeições importar higiene idade experiência currículo refeições antes antes pagamento pagamento compras horário os passeios compras telemóvel horas idade contrato decerto o vacinas mensagem assim horas para as as mas.',0,6);
INSERT INTO User(idUser,name,password,email,phoneNumber,sex,type,createdAt,lastActivity,active,idLocation)VALUES(98,'James Ruck','7H3GF23NP0TQ','wyyffaieyp@gmail.com','+351 952235544','M',3,'2018-08-01 04:20:21','2018-09-08 13:03:15',0,457);
INSERT INTO ServiceProvider(idSP,description,dateOfBirth,endSub,endSubVip,distance,qualifications,averageRating,idSubscription)VALUES(98,'Antes idade ajuda compras medicamentos o os fatura dos o idade assim certificado mensagem fatura porque ajuda mensagem de ajuda horas importar fatura do dos medicamentos importar ajuda a número nada de idade causa horas experiência mensagem causa higiene passeios refeições farmácia contrato telemóvel companhia da vacinas companhia o pagamento refeições os mas currículo mensagem auxílio a a companhia ajuda assim mas número dos.','2004-07-13','2023-10-12 07:01:05','2023-10-12 07:01:05',NULL,'Nada pagamento as contrato contrato farmácia certificado do antes decerto vacinas os causa horas horário telemóvel os medicamentos telemóvel compras nada medicamentos prestar experiência número compras ora para da assim.',0,5);
INSERT INTO User(idUser,name,password,email,phoneNumber,sex,type,createdAt,lastActivity,active,idLocation)VALUES(99,'Harry Furrer','JHBMTNRXD09DN7','telwa@hotmail.com','+351 900735960','M',3,'2021-07-30 16:09:29','2021-10-02 17:37:44',0,233);
INSERT INTO ServiceProvider(idSP,description,dateOfBirth,endSub,endSubVip,distance,qualifications,averageRating,idSubscription)VALUES(99,'Cama refeições higiene farmácia telemóvel.','1996-12-13','2023-02-22 03:06:53','2023-02-22 03:06:53',NULL,'Horário mensagem proposta horário da antes cama medicamentos as do pagamento mas dos companhia mensagem as horas contrato do telemóvel companhia mas dos higiene telemóvel as da a da decerto causa experiência de.',0,6);
INSERT INTO User(idUser,name,password,email,phoneNumber,sex,type,createdAt,lastActivity,active,idLocation)VALUES(100,'Rodney Smith','ZEVR9','wmyzymzmsxw@gmail.com','+351 903586767','M',3,'2019-01-13 13:33:51','2019-11-06 01:56:15',0,328);
INSERT INTO ServiceProvider(idSP,description,dateOfBirth,endSub,endSubVip,distance,qualifications,averageRating,idSubscription)VALUES(100,'Idade os proposta mas contrato farmácia importar idoso telemóvel compras as auxílio pagamento idade mas da telemóvel assim farmácia certificado telemóvel importar telemóvel número certificado certificado cama companhia contrato currículo fatura telemóvel farmácia ora proposta antes as para assim dinheiro companhia refeições nada a das refeições mensagem da cama número idoso vacinas da auxílio.','1984-11-16',NULL,NULL,NULL,'Currículo para decerto a as auxílio para vacinas as causa idade a decerto auxílio dos fatura dinheiro dinheiro telemóvel medicamentos experiência refeições antes para prestar de importar as a mas dinheiro companhia do proposta refeições horário antes do idade das cama horário passeios certificado.',0,1);
INSERT INTO User(idUser,name,password,email,phoneNumber,sex,type,createdAt,lastActivity,active,idLocation)VALUES(101,'Alma Parramore','W7DHFEMXY2DM3Z','lwnmvvmuugh@gmail.com','+351 904800621','F',3,'2021-03-01 13:24:36','2021-03-07 10:57:01',1,476);
INSERT INTO ServiceProvider(idSP,description,dateOfBirth,endSub,endSubVip,distance,qualifications,averageRating,idSubscription)VALUES(101,'As medicamentos cama de certificado idade experiência dinheiro causa idade das do assim higiene passeios idoso o pagamento passeios ajuda o currículo vacinas dinheiro do assim fatura porque dinheiro importar horário da refeições da pagamento fatura refeições dinheiro mas o telemóvel a as prestar o o ora da pagamento ajuda os experiência horas contrato das assim horário certificado medicamentos passeios experiência ajuda vacinas do.','1990-03-31','2023-11-30 19:23:25','2023-11-30 19:23:25',134,'Farmácia auxílio cama nada horário o ora o telemóvel horário pagamento certificado causa porque nada fatura dos mas decerto para certificado nada ora horário vacinas currículo companhia nada mensagem dos certificado importar contrato para pagamento do horário.',0,2);
INSERT INTO User(idUser,name,password,email,phoneNumber,sex,type,createdAt,lastActivity,active,idLocation)VALUES(102,'Glen Wiggins','Z76GXGBYBGK3DK','grwgipoglvt@hotmail.com',NULL,'M',3,'2021-06-21 12:11:37','2021-09-02 21:21:48',1,87);
INSERT INTO ServiceProvider(idSP,description,dateOfBirth,endSub,endSubVip,distance,qualifications,averageRating,idSubscription)VALUES(102,'A horário as refeições ora experiência passeios prestar porque dinheiro idade antes auxílio causa causa certificado.','2005-08-31','2023-02-03 03:47:19',NULL,130,'Mensagem mensagem refeições número refeições higiene os decerto dinheiro companhia mas higiene currículo fatura prestar os farmácia cama prestar certificado o idoso de assim o as porque horas os número da proposta vacinas dinheiro fatura certificado causa auxílio pagamento fatura decerto proposta idade importar contrato das companhia farmácia do mensagem ora contrato assim ora idade das.',0,7);
INSERT INTO User(idUser,name,password,email,phoneNumber,sex,type,createdAt,lastActivity,active,idLocation)VALUES(103,'Jennifer Shindorf','5LMBTFZWNGU','purlm@outlook.com','+351 935930939','F',3,'2017-04-14 22:04:38','2020-07-02 23:45:46',1,699);
INSERT INTO ServiceProvider(idSP,description,dateOfBirth,endSub,endSubVip,distance,qualifications,averageRating,idSubscription)VALUES(103,'Os os telemóvel importar importar currículo refeições experiência idoso fatura porque auxílio número auxílio medicamentos mas do do mas para importar horário para refeições passeios companhia idoso medicamentos as auxílio antes decerto refeições contrato pagamento auxílio certificado de importar.','1984-11-14','2023-03-09 14:23:11','2022-08-28 03:24:47',113,'O ora do ajuda do prestar decerto da contrato número auxílio pagamento cama nada importar a dinheiro telemóvel idoso refeições cama para companhia higiene idade higiene.',0,3);
INSERT INTO User(idUser,name,password,email,phoneNumber,sex,type,createdAt,lastActivity,active,idLocation)VALUES(104,'Harold James','KVQKT0Q8XTFPWQMCM','fawbjpzounjsp@outlook.com','+351 975136193','M',3,'2019-07-20 13:58:36','2020-10-25 16:50:37',1,582);
INSERT INTO ServiceProvider(idSP,description,dateOfBirth,endSub,endSubVip,distance,qualifications,averageRating,idSubscription)VALUES(104,'Horário prestar certificado compras pagamento certificado idoso das mensagem certificado idade currículo certificado do ora prestar dos as idade nada passeios refeições mas horário idoso ajuda.','1999-07-05','2023-11-19 03:25:49',NULL,29,'Idade causa proposta prestar refeições idoso as horas farmácia cama fatura companhia farmácia dos vacinas antes ajuda mas porque passeios auxílio de porque decerto higiene cama ora experiência nada assim farmácia antes importar número farmácia ora prestar o passeios experiência dinheiro contrato causa compras auxílio de a horas refeições experiência o vacinas das o.',0,6);
INSERT INTO User(idUser,name,password,email,phoneNumber,sex,type,createdAt,lastActivity,active,idLocation)VALUES(105,'Ann Neese','Q3PBCFT','knomdaawp@hotmail.com','+351 977545279','F',3,'2018-06-10 17:19:33','2021-02-21 08:26:02',1,447);
INSERT INTO ServiceProvider(idSP,description,dateOfBirth,endSub,endSubVip,distance,qualifications,averageRating,idSubscription)VALUES(105,'Telemóvel da farmácia horas certificado farmácia horas proposta ajuda antes horas porque dinheiro experiência ajuda do idoso prestar nada dos de vacinas mensagem mas número companhia nada número número compras pagamento horas da contrato dos companhia medicamentos os o telemóvel porque mas do ajuda os dinheiro o importar pagamento higiene decerto currículo farmácia porque currículo de refeições idoso telemóvel assim currículo medicamentos certificado importar ora dinheiro prestar causa decerto companhia assim.','2005-02-26','2023-10-28 04:43:39',NULL,95,'Farmácia higiene experiência farmácia decerto número mensagem a prestar medicamentos fatura higiene currículo pagamento contrato idade contrato os higiene as compras pagamento experiência para medicamentos as ajuda horas as dinheiro horário idoso a dos causa de porque os companhia porque de proposta para prestar dinheiro medicamentos cama prestar proposta de medicamentos dos compras importar certificado ajuda a das os mensagem experiência idade medicamentos o nada compras decerto medicamentos contrato nada de.',0,3);
INSERT INTO User(idUser,name,password,email,phoneNumber,sex,type,createdAt,lastActivity,active,idLocation)VALUES(106,'William Caylor','0WEJMQ0AWUM32R8PW6S','qjaovxvkl@outlook.com','+351 948157551','M',3,'2017-08-22 11:47:59','2020-05-01 14:20:45',0,731);
INSERT INTO ServiceProvider(idSP,description,dateOfBirth,endSub,endSubVip,distance,qualifications,averageRating,idSubscription)VALUES(106,'Prestar currículo da a idoso mas de horas vacinas dinheiro os o higiene decerto currículo farmácia decerto prestar fatura horas currículo das dos refeições vacinas compras porque higiene proposta compras idoso mensagem nada contrato os dinheiro fatura certificado higiene cama mas cama a o.','1988-11-10',NULL,NULL,NULL,'Assim os medicamentos pagamento idoso nada telemóvel nada cama compras ajuda telemóvel idoso contrato horário importar farmácia ajuda das mensagem certificado certificado higiene pagamento o os o ora medicamentos idade auxílio a de antes prestar nada do pagamento dos vacinas.',0,1);
INSERT INTO User(idUser,name,password,email,phoneNumber,sex,type,createdAt,lastActivity,active,idLocation)VALUES(107,'Sharon Amos','3RYE2PMKRAR63D6E9R5','sfaihizs@gmail.com','+351 924902486','F',3,'2017-03-10 15:21:41','2021-12-10 04:20:33',1,218);
INSERT INTO ServiceProvider(idSP,description,dateOfBirth,endSub,endSubVip,distance,qualifications,averageRating,idSubscription)VALUES(107,'O do ajuda compras do fatura decerto fatura idade contrato de passeios assim idade farmácia passeios para currículo experiência importar decerto o idade refeições mas companhia importar os fatura dos auxílio a do farmácia vacinas pagamento telemóvel ora o horas os currículo as refeições refeições número de das cama nada da ora experiência contrato de nada passeios medicamentos horário nada proposta pagamento prestar das prestar idoso fatura de porque experiência os da higiene dos auxílio nada.','2000-02-27','2023-11-05 17:10:09','2022-09-02 09:09:09',67,'Para contrato experiência contrato vacinas idoso da para nada número compras idade proposta mas decerto importar causa currículo mas causa compras os das número pagamento fatura currículo contrato mensagem número experiência número companhia das ora experiência de antes vacinas passeios a telemóvel.',0,4);
INSERT INTO User(idUser,name,password,email,phoneNumber,sex,type,createdAt,lastActivity,active,idLocation)VALUES(108,'Irene Nance','QXKGVWCYMH9SLT','thpfkgnj@gmail.com','+351 903743355','F',3,'2020-08-27 15:10:25','2020-12-24 11:11:06',0,157);
INSERT INTO ServiceProvider(idSP,description,dateOfBirth,endSub,endSubVip,distance,qualifications,averageRating,idSubscription)VALUES(108,'Refeições telemóvel medicamentos importar passeios de de passeios o assim passeios proposta o nada da as dos fatura os proposta experiência horas companhia auxílio número da higiene importar do idade certificado telemóvel farmácia compras os nada número contrato proposta de mensagem para horas importar antes proposta idoso decerto experiência idade dos higiene ajuda dinheiro mas proposta mensagem decerto horas número da idoso das companhia contrato causa.','1968-02-04',NULL,NULL,15,'Causa farmácia experiência para vacinas vacinas nada vacinas do companhia importar número dos proposta prestar causa dinheiro horário dinheiro importar do a proposta ajuda antes dinheiro o do causa compras para idade para o antes proposta antes de proposta.',0,1);
INSERT INTO User(idUser,name,password,email,phoneNumber,sex,type,createdAt,lastActivity,active,idLocation)VALUES(109,'Leticia Parker','L10210DYHAKCQ9ZQE','yepwwiztqj@hotmail.com','+351 950716856','F',3,'2017-01-16 20:08:33','2019-01-24 05:09:56',1,460);
INSERT INTO ServiceProvider(idSP,description,dateOfBirth,endSub,endSubVip,distance,qualifications,averageRating,idSubscription)VALUES(109,'As assim mas decerto de ajuda currículo contrato porque a medicamentos currículo para cama nada prestar proposta da vacinas causa horas do medicamentos o idoso medicamentos o telemóvel cama mensagem ora número auxílio importar refeições auxílio prestar ora companhia.','1973-11-06','2023-09-15 04:00:17','2023-09-15 04:00:17',3,'Assim passeios cama mensagem proposta refeições antes prestar o compras auxílio contrato das as dinheiro para os auxílio das assim fatura decerto horas importar prestar contrato a ajuda experiência para dos auxílio ajuda ora certificado os das mensagem auxílio companhia mas.',0,3);
INSERT INTO User(idUser,name,password,email,phoneNumber,sex,type,createdAt,lastActivity,active,idLocation)VALUES(110,'Eugene Winston','AM62UUSWSEXY0','dpmefkzliovhq@outlook.com',NULL,'M',3,'2018-07-08 21:39:26','2020-09-06 11:59:28',0,815);
INSERT INTO ServiceProvider(idSP,description,dateOfBirth,endSub,endSubVip,distance,qualifications,averageRating,idSubscription)VALUES(110,'As ora cama passeios para fatura a número assim ajuda compras prestar certificado porque nada vacinas medicamentos compras de mas idoso telemóvel farmácia certificado ajuda auxílio dinheiro de ora o proposta das pagamento prestar das ajuda as mas de importar para importar higiene antes certificado higiene experiência da porque antes horário horas dos fatura compras para.','1996-03-16','2023-01-26 12:11:21','2022-06-21 21:11:29',NULL,'Contrato fatura nada vacinas horário currículo das pagamento para contrato horas das prestar mensagem para nada.',0,5);
INSERT INTO User(idUser,name,password,email,phoneNumber,sex,type,createdAt,lastActivity,active,idLocation)VALUES(111,'William Jones','XQJRBK7J','ytogtqqejvnz@hotmail.com','+351 972490255','M',3,'2021-04-29 02:15:47','2021-07-17 01:32:26',0,825);
INSERT INTO ServiceProvider(idSP,description,dateOfBirth,endSub,endSubVip,distance,qualifications,averageRating,idSubscription)VALUES(111,'Pagamento das o porque ajuda horário ajuda das cama proposta refeições horas assim fatura nada experiência do o assim ajuda número contrato horas vacinas horas currículo idoso horas compras farmácia das horário certificado refeições certificado idade fatura farmácia mensagem decerto idoso proposta dos as decerto nada para horas medicamentos porque para horário as horário vacinas mensagem do idoso higiene horário mas vacinas ajuda fatura higiene ora porque passeios contrato para antes os decerto da certificado fatura medicamentos experiência.','1974-02-27','2023-03-01 20:56:39','2023-03-01 20:56:39',NULL,'Pagamento causa para os a nada experiência proposta vacinas higiene horário.',0,4);
INSERT INTO User(idUser,name,password,email,phoneNumber,sex,type,createdAt,lastActivity,active,idLocation)VALUES(112,'Donna Miller','QQYMGU6','aemsmqauw@hotmail.com',NULL,'F',3,'2020-07-24 19:50:59','2020-10-19 10:42:40',0,111);
INSERT INTO ServiceProvider(idSP,description,dateOfBirth,endSub,endSubVip,distance,qualifications,averageRating,idSubscription)VALUES(112,'Passeios certificado prestar nada do experiência causa telemóvel mensagem medicamentos assim decerto mas idoso assim telemóvel ora higiene currículo mensagem mas da as horas de os proposta.',NULL,'2023-08-06 07:40:43','2022-09-21 11:20:37',121,'Do ora auxílio a idade de os higiene experiência ora currículo para refeições dinheiro certificado auxílio o mensagem vacinas da vacinas número farmácia cama fatura para cama o prestar ajuda fatura número nada porque mensagem assim pagamento porque certificado importar os horário medicamentos currículo nada pagamento telemóvel importar telemóvel dos assim assim dinheiro auxílio auxílio nada nada da porque mensagem o higiene auxílio do das cama porque prestar nada medicamentos o das auxílio farmácia dos causa higiene refeições ajuda.',0,7);
INSERT INTO User(idUser,name,password,email,phoneNumber,sex,type,createdAt,lastActivity,active,idLocation)VALUES(113,'Felicia Murphy','0JNKNR','asurlgpemzxuw@outlook.com','+351 910395206','F',3,'2017-11-30 10:51:22','2019-06-15 22:14:46',1,8);
INSERT INTO ServiceProvider(idSP,description,dateOfBirth,endSub,endSubVip,distance,qualifications,averageRating,idSubscription)VALUES(113,'Os passeios decerto dos antes contrato.','1979-05-31','2023-05-18 08:13:22','2022-12-12 08:20:30',51,'Horas da assim os compras higiene cama decerto auxílio cama porque pagamento fatura nada currículo porque de passeios horas dos nada número a as as do fatura farmácia mas o ajuda importar dos os pagamento dinheiro pagamento antes proposta as as causa fatura proposta medicamentos fatura currículo do pagamento compras o currículo porque prestar idade do o dos importar idade dinheiro do telemóvel de.',0,2);
INSERT INTO User(idUser,name,password,email,phoneNumber,sex,type,createdAt,lastActivity,active,idLocation)VALUES(114,'Barbara Dunagan','UZWFB1B','addyewvaoyj@hotmail.com',NULL,'F',3,'2018-10-25 09:59:01','2019-11-17 14:46:12',1,363);
INSERT INTO ServiceProvider(idSP,description,dateOfBirth,endSub,endSubVip,distance,qualifications,averageRating,idSubscription)VALUES(114,'Do dos para telemóvel prestar da os as compras compras dinheiro medicamentos as decerto experiência número telemóvel medicamentos prestar medicamentos certificado da da as proposta das idoso.',NULL,'2023-07-30 10:06:25','2022-05-27 03:36:30',2,'Cama horas higiene.',0,4);
INSERT INTO User(idUser,name,password,email,phoneNumber,sex,type,createdAt,lastActivity,active,idLocation)VALUES(115,'Francisco Worstell','7QV3KSVDUJ8NK12DA0ZQ','qiqonglop@outlook.com','+351 976371614','M',3,'2019-03-14 14:17:03','2021-05-11 22:11:10',1,508);
INSERT INTO ServiceProvider(idSP,description,dateOfBirth,endSub,endSubVip,distance,qualifications,averageRating,idSubscription)VALUES(115,'Da compras idade compras companhia experiência passeios vacinas ajuda proposta decerto ora pagamento ajuda ajuda mensagem farmácia número importar proposta contrato as importar telemóvel causa mensagem idade da mensagem vacinas assim contrato antes cama compras causa medicamentos telemóvel decerto de do auxílio dinheiro a decerto dinheiro idade as horas importar currículo companhia horário mas experiência.','1997-04-01','2023-05-02 00:22:48',NULL,NULL,'Causa prestar vacinas idade a dos auxílio nada companhia idoso dos refeições medicamentos o cama horário da horas farmácia nada dos o mensagem medicamentos prestar auxílio antes de prestar das horário da telemóvel horário pagamento compras assim decerto o decerto experiência currículo assim decerto da de número nada auxílio das importar cama antes vacinas da higiene cama idade horário medicamentos idoso mas porque assim.',0,2);
INSERT INTO User(idUser,name,password,email,phoneNumber,sex,type,createdAt,lastActivity,active,idLocation)VALUES(116,'Joe Collins','QC2S1VNXAEK9HMW0','cflqwpd@gmail.com',NULL,'M',3,'2021-03-10 21:41:45','2021-07-14 05:05:39',1,360);
INSERT INTO ServiceProvider(idSP,description,dateOfBirth,endSub,endSubVip,distance,qualifications,averageRating,idSubscription)VALUES(116,'Medicamentos horas auxílio decerto medicamentos ora auxílio fatura a cama número horas porque número experiência pagamento idoso auxílio porque o importar mas as contrato ora antes compras dinheiro ora idade decerto das vacinas compras dos higiene.','1968-01-03','2023-12-08 08:35:20',NULL,30,'As assim contrato antes dinheiro currículo passeios vacinas o o vacinas mensagem porque mensagem das ora refeições antes importar medicamentos de a idade compras pagamento proposta pagamento pagamento passeios contrato compras proposta idoso proposta ajuda dinheiro fatura nada.',0,3);
INSERT INTO User(idUser,name,password,email,phoneNumber,sex,type,createdAt,lastActivity,active,idLocation)VALUES(117,'Bill Leal','DWG2Q','sbsrke@hotmail.com',NULL,'M',3,'2020-05-23 14:09:36','2020-12-02 16:29:38',0,438);
INSERT INTO ServiceProvider(idSP,description,dateOfBirth,endSub,endSubVip,distance,qualifications,averageRating,idSubscription)VALUES(117,'Farmácia do proposta nada.','1987-06-16','2023-06-12 10:59:32','2023-06-12 10:59:32',NULL,'Porque vacinas do dos ora nada proposta auxílio prestar do farmácia porque importar assim ajuda dos da mensagem porque de idoso número as ora ajuda medicamentos passeios ora nada idade medicamentos nada auxílio horário idade antes nada medicamentos currículo dinheiro higiene higiene fatura certificado nada pagamento medicamentos contrato cama farmácia medicamentos dinheiro prestar farmácia pagamento de ora do idoso currículo.',0,6);
INSERT INTO User(idUser,name,password,email,phoneNumber,sex,type,createdAt,lastActivity,active,idLocation)VALUES(118,'Gertrude Hatherly','9FHCSYKDELR01LHGRWL','yfdtxhdo@gmail.com','+351 932797123','F',3,'2018-07-09 20:00:34','2021-06-14 10:07:37',1,561);
INSERT INTO ServiceProvider(idSP,description,dateOfBirth,endSub,endSubVip,distance,qualifications,averageRating,idSubscription)VALUES(118,'Auxílio idade ajuda farmácia número para idoso da importar vacinas prestar certificado porque horário decerto os certificado a mensagem currículo proposta contrato compras medicamentos certificado horas assim do prestar de dinheiro fatura ajuda as telemóvel prestar contrato para companhia do mensagem higiene horário antes certificado da passeios decerto cama compras número dinheiro passeios compras prestar compras idade causa as telemóvel mensagem das fatura ora auxílio nada número currículo ora medicamentos.',NULL,'2023-07-24 00:35:05',NULL,96,'Horas refeições vacinas contrato idade das ajuda companhia vacinas importar porque experiência medicamentos farmácia contrato para mas da antes dos idade higiene cama compras compras currículo experiência mensagem certificado cama pagamento pagamento experiência idoso a para do prestar ajuda passeios telemóvel medicamentos dinheiro causa medicamentos dos do currículo do currículo de a os das cama proposta ora certificado as nada proposta do currículo da mensagem experiência mensagem horário currículo companhia experiência telemóvel cama.',0,4);
INSERT INTO User(idUser,name,password,email,phoneNumber,sex,type,createdAt,lastActivity,active,idLocation)VALUES(119,'Paul Moore','LWAUUBZU1EG2UUPL7R6','cygmmi@gmail.com','+351 992385287','M',3,'2018-07-03 22:27:46','2018-10-20 00:13:34',1,406);
INSERT INTO ServiceProvider(idSP,description,dateOfBirth,endSub,endSubVip,distance,qualifications,averageRating,idSubscription)VALUES(119,'Currículo assim número dos dinheiro compras refeições porque nada prestar medicamentos antes experiência de certificado cama dinheiro contrato telemóvel das da porque passeios pagamento higiene decerto os do.',NULL,'2023-07-21 04:32:30',NULL,NULL,'Compras vacinas certificado idoso medicamentos prestar assim proposta mas farmácia idade refeições para fatura assim proposta número pagamento passeios cama horas vacinas o para fatura farmácia os medicamentos experiência o para idade a passeios a o prestar passeios auxílio assim proposta ora para passeios ajuda nada passeios mensagem certificado porque o da refeições cama medicamentos telemóvel nada horário mensagem porque refeições antes companhia dinheiro experiência auxílio prestar contrato ajuda os mas contrato para o auxílio o nada.',0,7);
INSERT INTO User(idUser,name,password,email,phoneNumber,sex,type,createdAt,lastActivity,active,idLocation)VALUES(120,'Krystal Robinson','E84RSXTPJXRYNDB0','juaojggdrie@gmail.com',NULL,'F',3,'2021-05-29 04:10:10','2021-10-27 04:54:51',0,197);
INSERT INTO ServiceProvider(idSP,description,dateOfBirth,endSub,endSubVip,distance,qualifications,averageRating,idSubscription)VALUES(120,'Passeios contrato idade decerto das vacinas currículo pagamento vacinas idade contrato do mas certificado horas dinheiro telemóvel vacinas para.',NULL,'2023-03-05 16:01:41','2023-03-05 16:01:41',12,'Os mas pagamento.',0,2);
INSERT INTO User(idUser,name,password,email,phoneNumber,sex,type,createdAt,lastActivity,active,idLocation)VALUES(121,'Louise Green','LKYN2J7RJNG0NTK','phylz@hotmail.com','+351 939782566','F',3,'2017-12-21 11:48:26','2021-11-01 17:08:04',1,711);
INSERT INTO ServiceProvider(idSP,description,dateOfBirth,endSub,endSubVip,distance,qualifications,averageRating,idSubscription)VALUES(121,'De ajuda ajuda proposta número nada do importar decerto nada do telemóvel auxílio horas prestar do compras idade dinheiro compras compras pagamento assim ajuda do currículo proposta pagamento as mas número currículo idade de dos refeições compras idoso companhia idade as decerto fatura número mas antes idade passeios mas dinheiro ajuda do contrato dos dinheiro para prestar ora medicamentos passeios fatura do decerto decerto do do decerto horário a certificado.','1962-02-06','2023-06-26 05:18:12','2023-06-26 05:18:12',92,'A o mensagem currículo pagamento passeios da mas de das para os farmácia da ora medicamentos do prestar decerto contrato idoso de causa nada da dinheiro os causa telemóvel pagamento de porque os fatura ora medicamentos currículo de de o das telemóvel decerto ajuda cama porque vacinas currículo da o medicamentos ajuda proposta mas prestar assim telemóvel certificado dos pagamento para dinheiro os experiência currículo horário pagamento prestar decerto de prestar medicamentos assim.',0,7);
INSERT INTO User(idUser,name,password,email,phoneNumber,sex,type,createdAt,lastActivity,active,idLocation)VALUES(122,'Nancey Persaud','8Q2CE0RPNFRV','zflteaa@hotmail.com','+351 903404822','F',3,'2020-01-05 00:23:06','2020-01-05 00:23:06',0,497);
INSERT INTO ServiceProvider(idSP,description,dateOfBirth,endSub,endSubVip,distance,qualifications,averageRating,idSubscription)VALUES(122,'Os farmácia idade as auxílio idoso passeios as auxílio medicamentos causa pagamento vacinas pagamento vacinas idade horário telemóvel proposta as passeios horas vacinas a companhia contrato assim compras importar importar cama da compras vacinas das para horas certificado certificado auxílio pagamento.','1992-02-27','2023-06-07 21:48:39','2022-03-29 03:39:23',11,'Decerto antes ajuda telemóvel mensagem medicamentos prestar nada ajuda cama idade farmácia contrato decerto idade horas das certificado cama telemóvel farmácia refeições idoso a para da compras companhia horário porque pagamento telemóvel das para para companhia dos refeições as passeios medicamentos.',0,5);
INSERT INTO User(idUser,name,password,email,phoneNumber,sex,type,createdAt,lastActivity,active,idLocation)VALUES(123,'Richard Bowles','XJJHC1P2PS43FXQ4UM','infiyw@outlook.com','+351 925718849','M',3,'2017-11-23 10:27:18','2021-04-11 06:28:19',0,449);
INSERT INTO ServiceProvider(idSP,description,dateOfBirth,endSub,endSubVip,distance,qualifications,averageRating,idSubscription)VALUES(123,'As número prestar assim decerto companhia prestar certificado medicamentos.','1946-12-08','2023-10-05 18:33:45','2022-07-15 20:51:07',NULL,'Cama experiência porque telemóvel ajuda auxílio antes a.',0,6);
INSERT INTO User(idUser,name,password,email,phoneNumber,sex,type,createdAt,lastActivity,active,idLocation)VALUES(124,'Virginia Deangelo','S9A8ZEHP1QHK','erllqp@hotmail.com','+351 903246694','F',3,'2020-12-23 04:21:13','2021-10-26 23:48:02',1,434);
INSERT INTO ServiceProvider(idSP,description,dateOfBirth,endSub,endSubVip,distance,qualifications,averageRating,idSubscription)VALUES(124,'Certificado certificado experiência decerto os certificado telemóvel mensagem do antes medicamentos farmácia horas pagamento horas pagamento farmácia mas telemóvel as nada os das porque pagamento causa nada causa dos companhia de fatura refeições do dos contrato auxílio currículo o porque o para refeições da as mensagem os dinheiro auxílio fatura para prestar da número para horário contrato decerto para ora número.','1949-10-05','2023-06-10 16:31:12','2023-06-10 16:31:12',90,'Das ajuda ora.',0,6);
INSERT INTO User(idUser,name,password,email,phoneNumber,sex,type,createdAt,lastActivity,active,idLocation)VALUES(125,'James Hanke','V3YQSCZHS9D','keeihaqi@gmail.com','+351 941434029','M',3,'2017-05-25 03:21:35','2021-10-15 04:28:28',0,551);
INSERT INTO ServiceProvider(idSP,description,dateOfBirth,endSub,endSubVip,distance,qualifications,averageRating,idSubscription)VALUES(125,'Telemóvel causa porque dinheiro proposta ora mensagem antes farmácia de dos currículo ajuda companhia passeios compras idade passeios cama importar vacinas idoso higiene medicamentos higiene idoso decerto causa número idoso decerto dinheiro idoso de proposta de mensagem do.','1952-02-12',NULL,NULL,129,'Passeios nada pagamento porque mas compras dinheiro companhia pagamento a prestar farmácia causa compras horas currículo experiência assim mensagem número de proposta ajuda a auxílio medicamentos decerto da certificado passeios prestar dos cama ora a ora cama passeios contrato idoso idade mas.',0,1);
INSERT INTO User(idUser,name,password,email,phoneNumber,sex,type,createdAt,lastActivity,active,idLocation)VALUES(126,'Christopher Dias','5KM4E03','qwwdsnyc@hotmail.com','+351 925476018','M',3,'2020-08-03 23:46:06','2021-09-17 10:05:26',0,704);
INSERT INTO ServiceProvider(idSP,description,dateOfBirth,endSub,endSubVip,distance,qualifications,averageRating,idSubscription)VALUES(126,'Ora pagamento importar antes os certificado ajuda companhia prestar horário auxílio proposta ora das.','1951-08-06',NULL,NULL,47,'Compras passeios idade o causa auxílio número ora as número mas os das currículo do cama importar farmácia mas as medicamentos pagamento o compras decerto importar certificado compras contrato para telemóvel farmácia decerto para assim mensagem companhia auxílio dinheiro dinheiro dos certificado a cama passeios fatura horas companhia ajuda de horário horário compras ajuda higiene certificado idoso do ajuda mensagem assim experiência prestar ajuda idade vacinas medicamentos a idoso dinheiro mas horário os de mas das certificado proposta número.',0,1);
INSERT INTO User(idUser,name,password,email,phoneNumber,sex,type,createdAt,lastActivity,active,idLocation)VALUES(127,'Leroy Crawford','LFFQSGAM','wrwldo@hotmail.com','+351 972639265','M',3,'2020-05-17 20:22:27','2020-12-06 16:26:42',1,471);
INSERT INTO ServiceProvider(idSP,description,dateOfBirth,endSub,endSubVip,distance,qualifications,averageRating,idSubscription)VALUES(127,'Das da a número dos fatura importar cama antes a horas telemóvel cama vacinas medicamentos certificado do farmácia telemóvel telemóvel idoso do pagamento contrato refeições compras currículo da antes ajuda currículo compras medicamentos a companhia contrato os número antes as para da as da idade horas prestar higiene higiene passeios ora proposta medicamentos currículo causa higiene das compras as as porque compras mas.','1962-09-16','2023-06-13 03:41:36','2023-06-13 03:41:36',145,'Dinheiro mensagem ajuda número farmácia os certificado telemóvel idoso idade certificado experiência a medicamentos higiene medicamentos idade.',0,3);
INSERT INTO User(idUser,name,password,email,phoneNumber,sex,type,createdAt,lastActivity,active,idLocation)VALUES(128,'Shelly Lopez','KWZWL13','qtjjxchnxs@outlook.com','+351 969654456','F',3,'2019-01-04 01:17:23','2020-02-18 23:17:35',1,16);
INSERT INTO ServiceProvider(idSP,description,dateOfBirth,endSub,endSubVip,distance,qualifications,averageRating,idSubscription)VALUES(128,'Porque certificado prestar dinheiro prestar proposta cama medicamentos da higiene idoso mensagem idoso certificado os prestar as cama as assim medicamentos currículo experiência ora causa decerto experiência antes idoso auxílio idade telemóvel os idoso idade contrato para idade dos proposta mensagem medicamentos importar as da currículo idoso refeições as proposta idoso número idoso.','2002-05-08','2023-06-29 17:06:32','2022-07-21 13:20:56',74,'Mas o assim horário refeições importar ajuda farmácia porque o contrato os os das assim da assim causa.',0,4);
INSERT INTO User(idUser,name,password,email,phoneNumber,sex,type,createdAt,lastActivity,active,idLocation)VALUES(129,'Adrienne Brown','3E5WADAMFJQP411','niguybayo@gmail.com',NULL,'I',3,'2017-08-17 16:24:45','2019-05-03 04:21:35',0,751);
INSERT INTO ServiceProvider(idSP,description,dateOfBirth,endSub,endSubVip,distance,qualifications,averageRating,idSubscription)VALUES(129,'Das ajuda horário medicamentos causa mensagem higiene currículo causa medicamentos causa passeios ajuda prestar horas prestar auxílio a vacinas telemóvel refeições dinheiro horário pagamento refeições mensagem porque prestar auxílio dos horário número prestar número do do passeios dinheiro assim idoso farmácia pagamento o nada.','1940-11-20',NULL,NULL,113,'Das farmácia farmácia certificado horas dinheiro decerto assim da companhia ora pagamento a compras.',0,1);
INSERT INTO User(idUser,name,password,email,phoneNumber,sex,type,createdAt,lastActivity,active,idLocation)VALUES(130,'Kenneth Maddox','HVPN4EWYS','fpkswyr@outlook.com','+351 910502164','M',3,'2018-02-18 02:20:56','2018-08-18 02:12:30',1,724);
INSERT INTO ServiceProvider(idSP,description,dateOfBirth,endSub,endSubVip,distance,qualifications,averageRating,idSubscription)VALUES(130,'Currículo as os causa das higiene passeios assim auxílio medicamentos cama nada do.','2002-04-24','2023-04-05 18:19:48','2022-08-22 07:26:59',5,'Mensagem horas telemóvel companhia passeios currículo ora causa a vacinas causa telemóvel passeios dos passeios dos antes número farmácia da cama refeições porque compras porque dos nada de as mensagem auxílio farmácia dos contrato horas as horário compras companhia medicamentos vacinas mas assim.',0,2);
INSERT INTO User(idUser,name,password,email,phoneNumber,sex,type,createdAt,lastActivity,active,idLocation)VALUES(131,'Amy Rodriguez','8EEA2RN6QD','jyrllrgfpwkuk@hotmail.com','+351 986206359','F',3,'2021-09-26 05:34:59','2021-09-26 05:34:59',1,91);
INSERT INTO ServiceProvider(idSP,description,dateOfBirth,endSub,endSubVip,distance,qualifications,averageRating,idSubscription)VALUES(131,'Nada dos.','1981-02-09','2023-04-26 07:41:28','2023-04-26 07:41:28',NULL,'Fatura experiência para medicamentos dinheiro decerto pagamento para nada compras telemóvel cama do contrato vacinas.',0,6);
INSERT INTO User(idUser,name,password,email,phoneNumber,sex,type,createdAt,lastActivity,active,idLocation)VALUES(132,'Valerie Bacon','DV822W2RKD2CWUWD','okzyqajbay@gmail.com','+351 907072600','F',3,'2019-08-10 03:59:15','2021-08-21 09:08:24',1,240);
INSERT INTO ServiceProvider(idSP,description,dateOfBirth,endSub,endSubVip,distance,qualifications,averageRating,idSubscription)VALUES(132,'Ora das horas vacinas mensagem nada das decerto assim pagamento fatura companhia farmácia número fatura idade experiência horário compras contrato para assim contrato decerto para da decerto compras para dinheiro companhia currículo companhia fatura experiência os os fatura contrato higiene das mas currículo.','1995-07-19','2023-10-16 18:09:58','2022-03-24 13:52:37',NULL,'Dos porque experiência idade vacinas para a proposta horário dinheiro experiência dos dinheiro número idoso certificado higiene ora a as cama nada para passeios a importar experiência idade mensagem farmácia passeios dinheiro idade das companhia refeições telemóvel cama de importar telemóvel telemóvel pagamento do auxílio assim ajuda de fatura ajuda fatura contrato idoso do ora currículo mensagem das certificado experiência compras idade nada passeios companhia medicamentos pagamento compras mensagem.',0,2);
INSERT INTO User(idUser,name,password,email,phoneNumber,sex,type,createdAt,lastActivity,active,idLocation)VALUES(133,'Patricia Griggs','VGJQKHG','dxdqmzqhhvmjo@hotmail.com','+351 972198709','F',3,'2020-02-03 12:14:49','2021-08-27 10:52:35',1,214);
INSERT INTO ServiceProvider(idSP,description,dateOfBirth,endSub,endSubVip,distance,qualifications,averageRating,idSubscription)VALUES(133,'Horário dos mensagem proposta farmácia higiene número pagamento as refeições experiência do decerto vacinas companhia telemóvel experiência ora medicamentos proposta número decerto porque idoso horário ora fatura higiene dos proposta telemóvel porque contrato ora refeições nada cama compras de vacinas ora companhia o dos número telemóvel mensagem dos medicamentos farmácia da decerto o de causa.',NULL,'2023-02-03 22:33:08','2023-02-03 22:33:08',131,'Prestar currículo higiene para a decerto pagamento contrato auxílio nada da de da causa compras os antes causa número das mas vacinas cama auxílio proposta de compras porque contrato horário compras certificado a o idoso contrato das vacinas experiência contrato da das farmácia contrato telemóvel compras horas idoso horário proposta os compras currículo importar refeições importar da refeições compras dos farmácia de ajuda decerto ora horas certificado da passeios horário importar farmácia refeições telemóvel dos idoso experiência importar.',0,3);
INSERT INTO User(idUser,name,password,email,phoneNumber,sex,type,createdAt,lastActivity,active,idLocation)VALUES(134,'Mary Houseal','EBFRP','dbvzr@hotmail.com','+351 908438899','F',3,'2018-01-25 06:04:18','2020-11-22 08:48:08',1,5);
INSERT INTO ServiceProvider(idSP,description,dateOfBirth,endSub,endSubVip,distance,qualifications,averageRating,idSubscription)VALUES(134,'Ora para para porque contrato dinheiro a causa porque certificado horas telemóvel compras idade companhia decerto nada das cama mas assim mensagem ora experiência horário o farmácia de auxílio proposta da idade refeições das proposta auxílio dos ora contrato medicamentos antes do os da compras ajuda farmácia.','1951-12-20',NULL,NULL,NULL,'Passeios da experiência antes mas.',0,1);
INSERT INTO User(idUser,name,password,email,phoneNumber,sex,type,createdAt,lastActivity,active,idLocation)VALUES(135,'Edna Merritt','PBGMNUAC6QG0','amccucpijwtpm@outlook.com','+351 925042674','F',3,'2018-03-28 07:13:25','2018-12-08 18:20:51',1,433);
INSERT INTO ServiceProvider(idSP,description,dateOfBirth,endSub,endSubVip,distance,qualifications,averageRating,idSubscription)VALUES(135,'Do do de decerto telemóvel mas ora farmácia para idoso o vacinas vacinas horas passeios número do do higiene para horas dinheiro fatura importar assim compras experiência compras dos porque assim importar idoso auxílio mas cama horas certificado dinheiro ajuda cama ora.','1991-08-05','2023-10-20 01:20:09','2023-10-20 01:20:09',NULL,'O fatura decerto do antes das proposta proposta da para número horas ajuda causa horas certificado o idoso vacinas fatura nada refeições auxílio o da assim mas assim a os causa para das idoso horário prestar idoso currículo nada currículo farmácia idade fatura telemóvel idoso auxílio de para companhia certificado idade fatura causa assim experiência farmácia currículo assim causa da dinheiro farmácia higiene fatura de currículo cama medicamentos auxílio farmácia pagamento ora proposta experiência porque as auxílio.',0,6);
INSERT INTO User(idUser,name,password,email,phoneNumber,sex,type,createdAt,lastActivity,active,idLocation)VALUES(136,'Nelson Blanchard','2EXA1P9M6Q76','ddikeotrmdyib@outlook.com','+351 904191648','M',3,'2019-01-04 16:42:31','2021-07-25 01:55:13',1,777);
INSERT INTO ServiceProvider(idSP,description,dateOfBirth,endSub,endSubVip,distance,qualifications,averageRating,idSubscription)VALUES(136,'Porque as proposta número ajuda.',NULL,NULL,NULL,15,'Mensagem vacinas ajuda pagamento dinheiro auxílio experiência auxílio ora proposta dinheiro as importar pagamento dinheiro companhia antes compras decerto fatura currículo medicamentos proposta ajuda idade passeios da medicamentos medicamentos passeios auxílio passeios medicamentos cama decerto certificado de contrato vacinas certificado das prestar proposta de horas de compras cama nada para das decerto proposta do nada as higiene mensagem causa dos porque decerto idoso.',0,1);
INSERT INTO User(idUser,name,password,email,phoneNumber,sex,type,createdAt,lastActivity,active,idLocation)VALUES(137,'Anthony Mcmillian','QCWUFMBSLH','sgzemqva@outlook.com','+351 997827399','I',3,'2020-12-10 17:33:30','2020-12-24 13:50:34',0,403);
INSERT INTO ServiceProvider(idSP,description,dateOfBirth,endSub,endSubVip,distance,qualifications,averageRating,idSubscription)VALUES(137,'Pagamento cama número importar cama ajuda de das experiência ajuda mensagem ora ora medicamentos vacinas horas do telemóvel importar idade fatura farmácia proposta farmácia dinheiro higiene refeições vacinas refeições ora contrato mas causa mensagem mensagem ora de vacinas número prestar idade refeições passeios proposta currículo de higiene porque higiene nada número os dinheiro currículo certificado idade horas contrato auxílio.','1989-08-23',NULL,NULL,NULL,'Assim cama proposta vacinas experiência mensagem do prestar mas horas fatura ajuda da para as as dinheiro do mensagem fatura do idoso dinheiro idade experiência antes as medicamentos dinheiro das dos número higiene fatura companhia o mas experiência horário dinheiro os da.',0,1);
INSERT INTO User(idUser,name,password,email,phoneNumber,sex,type,createdAt,lastActivity,active,idLocation)VALUES(138,'Celestine Numbers','Y9XV43','owvvjdsuscvf@outlook.com','+351 992059309','F',3,'2021-09-12 10:29:53','2021-09-20 03:38:17',1,159);
INSERT INTO ServiceProvider(idSP,description,dateOfBirth,endSub,endSubVip,distance,qualifications,averageRating,idSubscription)VALUES(138,'Para horas nada do nada fatura importar assim antes decerto telemóvel vacinas telemóvel fatura experiência idoso decerto.','1982-06-03','2023-04-14 12:15:37','2022-08-04 22:19:01',121,'Idoso dos número auxílio ajuda compras causa importar dinheiro telemóvel porque proposta companhia higiene prestar horário vacinas ora número refeições.',0,2);
INSERT INTO User(idUser,name,password,email,phoneNumber,sex,type,createdAt,lastActivity,active,idLocation)VALUES(139,'Rita Kasprowicz','QRHSEX4EDHJHEPRME31','trvhdvmgtjg@gmail.com','+351 904131500','F',3,'2017-04-14 04:17:35','2019-08-02 20:38:37',1,705);
INSERT INTO ServiceProvider(idSP,description,dateOfBirth,endSub,endSubVip,distance,qualifications,averageRating,idSubscription)VALUES(139,'Experiência as currículo número das prestar vacinas passeios horas os auxílio companhia a o horário decerto idade certificado causa ora importar auxílio decerto idade mensagem idade idoso decerto das refeições antes as passeios proposta vacinas porque as dos compras telemóvel dinheiro compras pagamento causa a de auxílio decerto do de refeições os horário idade idade idoso prestar idade auxílio cama ora dos de certificado ora as mensagem causa fatura.','1969-09-09','2023-08-25 03:02:50','2023-08-25 03:02:50',7,'Idade o porque passeios cama o proposta farmácia experiência das refeições higiene dos currículo o idade as idade currículo mensagem experiência as.',0,2);
INSERT INTO User(idUser,name,password,email,phoneNumber,sex,type,createdAt,lastActivity,active,idLocation)VALUES(140,'Stephanie Carlson','VMQ61K','qqdfxakf@gmail.com','+351 932560705','F',3,'2017-08-03 15:28:05','2017-08-08 07:27:23',1,414);
INSERT INTO ServiceProvider(idSP,description,dateOfBirth,endSub,endSubVip,distance,qualifications,averageRating,idSubscription)VALUES(140,'Do contrato mas refeições de proposta das idoso certificado certificado de idoso antes passeios idade nada assim cama idoso de mas os refeições as importar certificado auxílio decerto auxílio dinheiro auxílio dos mensagem vacinas auxílio passeios horas assim ora dos auxílio higiene idade horas mensagem antes medicamentos causa proposta passeios ajuda antes dinheiro porque proposta ajuda compras certificado compras horas passeios nada companhia vacinas farmácia.','1991-10-12',NULL,NULL,10,'Pagamento as higiene decerto proposta.',0,1);
INSERT INTO User(idUser,name,password,email,phoneNumber,sex,type,createdAt,lastActivity,active,idLocation)VALUES(141,'Marcia Thomas','ZSNHK','tfadbqcq@outlook.com','+351 914760364','F',3,'2020-11-22 17:52:06','2021-01-31 00:12:02',0,623);
INSERT INTO ServiceProvider(idSP,description,dateOfBirth,endSub,endSubVip,distance,qualifications,averageRating,idSubscription)VALUES(141,'Fatura companhia certificado antes porque higiene os número horário medicamentos horas os nada porque dos passeios medicamentos farmácia importar ajuda horário causa antes a de compras passeios dinheiro horário antes número das para causa certificado telemóvel da decerto certificado importar experiência farmácia ora idade medicamentos do cama número número importar importar dinheiro nada a número fatura os do fatura ora horas idade porque idade assim idade farmácia a mensagem assim auxílio do telemóvel companhia idoso das prestar prestar.','2003-05-18',NULL,NULL,NULL,'Cama farmácia das telemóvel experiência decerto nada refeições horário número o passeios idoso a antes ora cama mensagem número idade horário prestar idade para vacinas higiene os idade compras do currículo horário idade da porque as refeições telemóvel de decerto para os de pagamento farmácia pagamento currículo assim dinheiro fatura para proposta farmácia antes horas prestar do do.',0,1);
INSERT INTO User(idUser,name,password,email,phoneNumber,sex,type,createdAt,lastActivity,active,idLocation)VALUES(142,'Ciara Sanderlin','6PYWC03','pnflqn@gmail.com','+351 979802187','F',3,'2019-03-23 00:13:48','2019-03-30 21:04:00',1,545);
INSERT INTO ServiceProvider(idSP,description,dateOfBirth,endSub,endSubVip,distance,qualifications,averageRating,idSubscription)VALUES(142,'Telemóvel dinheiro horas proposta nada porque compras do medicamentos cama idade ora porque cama compras ora causa currículo currículo nada o prestar horas certificado nada as prestar antes causa vacinas número o pagamento porque passeios mas do dos currículo telemóvel cama número do telemóvel cama importar passeios dinheiro currículo cama horas contrato mensagem de medicamentos importar higiene contrato auxílio currículo da proposta farmácia auxílio para auxílio passeios.','1947-10-12','2023-08-10 10:44:11','2023-08-10 10:44:11',59,'Ajuda passeios os dinheiro passeios mas assim pagamento para medicamentos para telemóvel decerto vacinas cama dos passeios decerto da para contrato das refeições contrato auxílio das da passeios mensagem das medicamentos compras fatura prestar proposta as número o passeios telemóvel passeios porque causa da refeições importar proposta horário experiência medicamentos telemóvel nada a mensagem compras farmácia refeições experiência dos horário ora horário fatura decerto de causa nada ajuda.',0,2);
INSERT INTO User(idUser,name,password,email,phoneNumber,sex,type,createdAt,lastActivity,active,idLocation)VALUES(143,'Angelina Renfrew','DKSXWT6ZNXB','gkzmpxcbwkfj@gmail.com','+351 971989551','F',3,'2017-10-26 22:15:10','2018-12-18 11:54:41',0,345);
INSERT INTO ServiceProvider(idSP,description,dateOfBirth,endSub,endSubVip,distance,qualifications,averageRating,idSubscription)VALUES(143,'Contrato o higiene vacinas pagamento para horas vacinas os refeições antes mensagem dinheiro idoso compras telemóvel das do ora idade de currículo auxílio medicamentos os idade farmácia ora antes a pagamento experiência para a currículo prestar idoso vacinas cama as da telemóvel telemóvel ajuda para dinheiro do telemóvel ora o farmácia.','1948-08-27','2023-05-09 13:51:48','2023-05-09 13:51:48',24,'Contrato número horas para companhia as decerto das currículo o idade cama passeios das decerto vacinas decerto proposta proposta refeições refeições contrato decerto antes as fatura medicamentos de medicamentos decerto passeios os idade das idade medicamentos ora telemóvel telemóvel do dinheiro vacinas experiência mas horas nada fatura.',0,6);
INSERT INTO User(idUser,name,password,email,phoneNumber,sex,type,createdAt,lastActivity,active,idLocation)VALUES(144,'Christina Plank','DA6QSRUR6Q08ULGD6MC','xxlyxsllfxxs@gmail.com','+351 920526175','F',3,'2019-08-20 00:00:17','2021-02-28 03:43:04',0,201);
INSERT INTO ServiceProvider(idSP,description,dateOfBirth,endSub,endSubVip,distance,qualifications,averageRating,idSubscription)VALUES(144,'Proposta passeios cama proposta farmácia fatura higiene vacinas as refeições importar cama ora a auxílio contrato causa ora antes a assim compras contrato farmácia horas de idoso as certificado número a telemóvel prestar compras telemóvel dos medicamentos farmácia currículo cama prestar porque idade antes auxílio idoso idoso o pagamento prestar medicamentos os higiene idoso número do porque prestar higiene número do horas importar dinheiro do assim ajuda farmácia farmácia horário para mensagem o as fatura medicamentos.','1971-05-01','2023-07-30 03:29:33',NULL,NULL,'Os companhia assim de horas refeições telemóvel experiência horário antes importar idade vacinas prestar idoso mensagem causa a dinheiro cama os contrato experiência porque compras as das horas compras horas da importar causa horário compras as cama currículo companhia do horário telemóvel pagamento contrato antes passeios prestar assim fatura dinheiro idade as contrato horas compras mensagem prestar refeições dos farmácia idade porque fatura dinheiro a os vacinas dos número da contrato horário auxílio.',0,2);
INSERT INTO User(idUser,name,password,email,phoneNumber,sex,type,createdAt,lastActivity,active,idLocation)VALUES(145,'Peggy Ball','AF0CMXVLVB5WBGD3ABR','ahdlnovbq@gmail.com','+351 998543657','F',3,'2021-06-24 22:50:55','2021-08-19 03:56:00',0,683);
INSERT INTO ServiceProvider(idSP,description,dateOfBirth,endSub,endSubVip,distance,qualifications,averageRating,idSubscription)VALUES(145,'Da refeições os a causa mas vacinas vacinas companhia fatura farmácia assim contrato pagamento do ajuda as prestar certificado telemóvel cama idade decerto causa vacinas idoso das do das experiência prestar da de fatura mas o higiene currículo idoso higiene os das prestar horário para causa fatura horário fatura higiene assim telemóvel farmácia para passeios dinheiro assim das as passeios fatura para mensagem idoso.','1991-06-04','2023-09-18 22:41:33','2023-09-18 22:41:33',95,'Auxílio os ajuda mas da número telemóvel ajuda dinheiro da dinheiro mensagem currículo das mensagem os antes vacinas ora para decerto nada auxílio número os de da vacinas decerto mensagem contrato fatura ora decerto número experiência das do fatura certificado higiene cama compras causa para pagamento certificado compras dos a mensagem ora dinheiro passeios prestar horário do horas as prestar fatura ora telemóvel compras passeios.',0,2);
INSERT INTO User(idUser,name,password,email,phoneNumber,sex,type,createdAt,lastActivity,active,idLocation)VALUES(146,'Christi Cleveland','SYYHBK3','fyxbne@gmail.com','+351 990394257','F',3,'2018-07-22 06:52:50','2019-03-20 21:19:23',0,720);
INSERT INTO ServiceProvider(idSP,description,dateOfBirth,endSub,endSubVip,distance,qualifications,averageRating,idSubscription)VALUES(146,'Idoso idade higiene do mensagem ora de passeios assim assim antes antes refeições a porque idade contrato proposta de experiência ora a horário do currículo assim horas antes das a número idoso mas a prestar contrato horário auxílio proposta mensagem antes ora pagamento vacinas experiência decerto das as pagamento dos os auxílio compras cama mensagem companhia cama prestar as de vacinas assim contrato antes passeios companhia certificado farmácia causa fatura telemóvel vacinas.','1986-11-03',NULL,NULL,NULL,'Horas pagamento as dos dinheiro prestar antes causa a ora prestar idade ora currículo proposta causa de farmácia currículo número da porque importar horário dos vacinas compras as cama.',0,1);
INSERT INTO User(idUser,name,password,email,phoneNumber,sex,type,createdAt,lastActivity,active,idLocation)VALUES(147,'Louie Lopez','R8G59P5MTHJTZ76SYVN','lrskjba@hotmail.com','+351 980146187','M',3,'2020-06-18 20:55:23','2020-06-24 10:15:40',1,370);
INSERT INTO ServiceProvider(idSP,description,dateOfBirth,endSub,endSubVip,distance,qualifications,averageRating,idSubscription)VALUES(147,'Prestar ajuda causa horário das das os fatura porque das telemóvel das auxílio de o pagamento os decerto idade dinheiro.','1980-12-23','2023-12-10 14:14:27','2023-12-10 14:14:27',NULL,'Experiência idade.',0,5);
INSERT INTO User(idUser,name,password,email,phoneNumber,sex,type,createdAt,lastActivity,active,idLocation)VALUES(148,'Lacy Frese','TAHZ648CK62B2K8VDM','kagsypj@hotmail.com','+351 942859212','M',3,'2017-07-23 21:29:23','2020-04-09 09:37:59',0,335);
INSERT INTO ServiceProvider(idSP,description,dateOfBirth,endSub,endSubVip,distance,qualifications,averageRating,idSubscription)VALUES(148,'Das importar fatura a telemóvel compras idade dinheiro idade causa assim refeições mensagem cama fatura importar nada telemóvel antes idade ora auxílio do a prestar horas horas mas ajuda farmácia a experiência a ora fatura dinheiro companhia decerto ora higiene o pagamento dinheiro telemóvel mas higiene fatura nada número os horas contrato horas idade cama assim contrato auxílio prestar medicamentos cama idade idoso idade certificado pagamento cama decerto fatura dos das nada decerto auxílio.','1972-05-28','2023-07-22 09:50:16',NULL,NULL,'Horário compras assim dinheiro para ora do higiene nada currículo número auxílio mas fatura as as certificado fatura assim medicamentos horário passeios a nada contrato refeições pagamento fatura cama prestar passeios experiência decerto passeios horas vacinas das assim causa auxílio as experiência porque decerto os prestar causa.',0,2);
INSERT INTO User(idUser,name,password,email,phoneNumber,sex,type,createdAt,lastActivity,active,idLocation)VALUES(149,'Helen Pastrano','CDE4D3','ftfyrjad@outlook.com','+351 928732246','F',3,'2017-08-12 18:22:24','2021-12-24 04:06:10',1,398);
INSERT INTO ServiceProvider(idSP,description,dateOfBirth,endSub,endSubVip,distance,qualifications,averageRating,idSubscription)VALUES(149,'Medicamentos ajuda número o nada porque contrato fatura dinheiro para causa.','1977-06-17','2023-04-29 21:27:05',NULL,33,'Para ajuda idoso das idoso prestar mas das das prestar cama o mensagem horário causa os pagamento idoso idade porque compras medicamentos dos ajuda assim cama dos experiência decerto horário idoso refeições.',0,4);
INSERT INTO User(idUser,name,password,email,phoneNumber,sex,type,createdAt,lastActivity,active,idLocation)VALUES(150,'Mattie Pacheco','9UC403UG','odmyyvl@gmail.com','+351 997011498','F',3,'2021-04-22 22:10:34','2021-05-08 22:42:56',1,148);
INSERT INTO ServiceProvider(idSP,description,dateOfBirth,endSub,endSubVip,distance,qualifications,averageRating,idSubscription)VALUES(150,'Dos compras currículo vacinas prestar auxílio os porque farmácia os nada dinheiro importar certificado para prestar certificado idade higiene vacinas fatura mensagem fatura farmácia dinheiro assim idoso para prestar dinheiro idade dinheiro porque das causa companhia causa horas ora dinheiro prestar fatura as mas horas porque horário mas currículo fatura.','1984-11-28',NULL,NULL,NULL,'Proposta as decerto vacinas pagamento de higiene medicamentos nada farmácia nada currículo.',0,1);
INSERT INTO User(idUser,name,password,email,phoneNumber,sex,type,createdAt,lastActivity,active,idLocation)VALUES(151,'Dustin Waters','U5PR9TATA4Z6UBNFPJF','igzloqudmu@hotmail.com','+351 925117199','M',4,'2021-12-01 14:54:59','2021-12-19 17:20:31',0,638);
INSERT INTO Company(idCompany,link,firm,nipc,endSub,endSubVip,idSubscription)VALUES(151,'https://www.fgpax.com/','Ronald Valencia',437453581,'2023-10-09 12:46:38','2023-10-09 12:46:38',10);
INSERT INTO User(idUser,name,password,email,phoneNumber,sex,type,createdAt,lastActivity,active,idLocation)VALUES(152,'Frank Quinn','AV8CSJNUT70CZD','eywguckol@gmail.com',NULL,'M',4,'2018-10-18 10:15:42','2019-09-12 06:20:10',1,201);
INSERT INTO Company(idCompany,link,firm,nipc,endSub,endSubVip,idSubscription)VALUES(152,'https://www.ivqisqzcplrssgsixubgjpcijrtuijbhgolmpsasaddogf.com/','Seth Brymer',698068054,'2023-11-29 00:35:31','2022-07-18 06:16:33',12);
INSERT INTO User(idUser,name,password,email,phoneNumber,sex,type,createdAt,lastActivity,active,idLocation)VALUES(153,'Elena Clark','LW0WD7K3CJ','gvanpsgdrwlwi@outlook.com','+351 916487757','F',4,'2018-11-05 18:05:01','2020-04-07 18:10:17',0,474);
INSERT INTO Company(idCompany,link,firm,nipc,endSub,endSubVip,idSubscription)VALUES(153,'https://www.rprxp.com/','Hannah Cisneros',521638312,'2023-07-29 05:56:08',NULL,9);
INSERT INTO User(idUser,name,password,email,phoneNumber,sex,type,createdAt,lastActivity,active,idLocation)VALUES(154,'Glenda Clark','C9T1EA9C49DLXYGQM5AQ','rrnuzhhgcou@outlook.com','+351 976364063','F',4,'2020-07-09 16:17:36','2020-11-25 11:22:07',1,276);
INSERT INTO Company(idCompany,link,firm,nipc,endSub,endSubVip,idSubscription)VALUES(154,'https://www.hxueuzguszpzzpufvthviv.com/','Teresa Garcia',782678549,'2023-02-20 09:05:03',NULL,10);
INSERT INTO User(idUser,name,password,email,phoneNumber,sex,type,createdAt,lastActivity,active,idLocation)VALUES(155,'Lawrence Geist','C73MRV345B4X6','shpavkitpnf@hotmail.com',NULL,'M',4,'2018-04-26 16:49:41','2021-02-09 00:58:29',0,323);
INSERT INTO Company(idCompany,link,firm,nipc,endSub,endSubVip,idSubscription)VALUES(155,'https://www.pbhqqztljiffljrjazjaz.com/','Laura Hansberger',726265805,'2023-07-14 01:59:50','2022-01-07 07:31:59',10);
INSERT INTO User(idUser,name,password,email,phoneNumber,sex,type,createdAt,lastActivity,active,idLocation)VALUES(156,'Van Ortiz','CMX5W','umaltcckw@outlook.com','+351 971707896','F',4,'2017-05-27 14:00:02','2020-05-31 17:49:16',1,474);
INSERT INTO Company(idCompany,link,firm,nipc,endSub,endSubVip,idSubscription)VALUES(156,'https://www.jlzeclxubpmuuquqqstflzgplzbihcolnavvngfvmfzf.com/','David Stickney',184385993,'2023-06-22 15:04:15','2023-06-22 15:04:15',9);
INSERT INTO User(idUser,name,password,email,phoneNumber,sex,type,createdAt,lastActivity,active,idLocation)VALUES(157,'James Chambers','0X4W3F1T4','aegzkf@hotmail.com','+351 968779978','M',4,'2020-01-31 13:28:09','2020-04-27 05:25:02',1,645);
INSERT INTO Company(idCompany,link,firm,nipc,endSub,endSubVip,idSubscription)VALUES(157,'https://www.iefebanvxzd.com/','Leola Smith',733372095,'2023-06-21 08:31:07',NULL,8);
INSERT INTO User(idUser,name,password,email,phoneNumber,sex,type,createdAt,lastActivity,active,idLocation)VALUES(158,'Norbert Robinson','LSTEJKTEF5VX','fnpiqzmf@hotmail.com','+351 993007667','M',4,'2020-03-01 18:25:17','2021-10-30 08:39:19',0,272);
INSERT INTO Company(idCompany,link,firm,nipc,endSub,endSubVip,idSubscription)VALUES(158,'https://www.muscplrqelmmssusfl.com/','William Shappell',316532403,'2023-12-02 09:52:53',NULL,13);
INSERT INTO User(idUser,name,password,email,phoneNumber,sex,type,createdAt,lastActivity,active,idLocation)VALUES(159,'Elsie Leone','P710G3WG0KTH21JPRAE','ahuearotbtq@gmail.com','+351 961276170','F',4,'2020-11-26 03:45:36','2020-11-30 23:38:37',0,644);
INSERT INTO Company(idCompany,link,firm,nipc,endSub,endSubVip,idSubscription)VALUES(159,'https://www.nhqpqhxbdg.com/','Donna Marcus',201354349,'2023-09-08 17:16:28','2022-05-29 20:11:21',9);
INSERT INTO User(idUser,name,password,email,phoneNumber,sex,type,createdAt,lastActivity,active,idLocation)VALUES(160,'Agnes Poche','MM1SBYGJBKE20WNC','rbpvqktmnv@outlook.com','+351 961408927','F',4,'2019-06-10 13:46:53','2019-08-06 22:43:38',0,247);
INSERT INTO Company(idCompany,link,firm,nipc,endSub,endSubVip,idSubscription)VALUES(160,'https://www.ribezsvqn.com/','Amy Murphy',710243422,'2023-11-27 03:57:47',NULL,12);
INSERT INTO User(idUser,name,password,email,phoneNumber,sex,type,createdAt,lastActivity,active,idLocation)VALUES(161,'Horace Edwards','XTQ99DAE51','mdiepsrztk@hotmail.com','+351 961326726','I',4,'2021-06-03 08:06:14','2021-12-03 14:04:37',1,290);
INSERT INTO Company(idCompany,link,firm,nipc,endSub,endSubVip,idSubscription)VALUES(161,'https://www.rappvuthhjltnlc.com/','Tracey Cashion',265335180,'2023-06-28 05:04:33',NULL,9);
INSERT INTO User(idUser,name,password,email,phoneNumber,sex,type,createdAt,lastActivity,active,idLocation)VALUES(162,'Carie Mossman','TDY7ZP7','lzddooikuum@hotmail.com','+351 935511232','F',4,'2021-07-09 08:20:15','2021-10-14 23:48:24',0,426);
INSERT INTO Company(idCompany,link,firm,nipc,endSub,endSubVip,idSubscription)VALUES(162,'https://www.utvncchoaaitvsrqtjlaujeqsvimddtvvxrjhojdglotzd.com/','Jacqueline Clark',724920334,'2023-09-22 21:25:31',NULL,11);
INSERT INTO User(idUser,name,password,email,phoneNumber,sex,type,createdAt,lastActivity,active,idLocation)VALUES(163,'Terry Mallon','Z8PTV1E','fgigmdsdepn@hotmail.com',NULL,'M',4,'2019-10-02 20:49:08','2021-06-19 07:37:37',1,638);
INSERT INTO Company(idCompany,link,firm,nipc,endSub,endSubVip,idSubscription)VALUES(163,'https://www.ciqizaxmpvhszpzqgzn.com/','Heather Ullrich',651505527,'2023-02-19 13:54:29',NULL,12);
INSERT INTO User(idUser,name,password,email,phoneNumber,sex,type,createdAt,lastActivity,active,idLocation)VALUES(164,'Jerry Osborne','0FY4VLGPLVQQ04G02','gvettkpyaf@gmail.com',NULL,'M',4,'2018-01-15 03:31:14','2021-05-24 16:02:21',0,466);
INSERT INTO Company(idCompany,link,firm,nipc,endSub,endSubVip,idSubscription)VALUES(164,'https://www.jhzzin.com/','Robert Sanchez',756165358,'2023-12-18 00:38:03',NULL,13);
INSERT INTO User(idUser,name,password,email,phoneNumber,sex,type,createdAt,lastActivity,active,idLocation)VALUES(165,'Dorcas Richards','TU9EBEDRQJGJWJ62','ezavuotwds@hotmail.com',NULL,'F',4,'2018-08-19 02:12:12','2020-11-12 14:27:51',1,166);
INSERT INTO Company(idCompany,link,firm,nipc,endSub,endSubVip,idSubscription)VALUES(165,'https://www.nr.com/','Daniel Kinneman',849922118,'2023-09-19 21:45:57','2022-12-24 16:16:44',11);
INSERT INTO User(idUser,name,password,email,phoneNumber,sex,type,createdAt,lastActivity,active,idLocation)VALUES(166,'Rebecca Filson','790JRBQ36XVL3L7','onxenbffxigf@outlook.com','+351 977040936','F',4,'2020-09-12 14:36:32','2021-08-06 03:02:07',0,460);
INSERT INTO Company(idCompany,link,firm,nipc,endSub,endSubVip,idSubscription)VALUES(166,'https://www.jbtvvexvuhxvgrqnilegsbsjguaeevahatoqhhfant.com/','Andres Davis',842917795,'2023-09-13 17:18:18','2022-09-04 08:08:21',9);
INSERT INTO User(idUser,name,password,email,phoneNumber,sex,type,createdAt,lastActivity,active,idLocation)VALUES(167,'Timothy Shulz','YSUMQRNP','qodqgsasqcfj@outlook.com','+351 977607069','M',4,'2020-09-11 19:25:54','2020-12-20 05:01:55',0,380);
INSERT INTO Company(idCompany,link,firm,nipc,endSub,endSubVip,idSubscription)VALUES(167,'https://www.iuztecicoxmcoplmgjrraxlujrjzxjzsiicximfjfjlrqvnc.com/','Kevin Hawk',649538475,'2023-11-15 21:30:15',NULL,8);
INSERT INTO User(idUser,name,password,email,phoneNumber,sex,type,createdAt,lastActivity,active,idLocation)VALUES(168,'Jessica Kaszynski','L84775P4L6BLN7F5PT','qnpvwrpmbo@hotmail.com','+351 908180203','F',4,'2019-11-23 10:45:06','2020-01-09 11:09:19',0,260);
INSERT INTO Company(idCompany,link,firm,nipc,endSub,endSubVip,idSubscription)VALUES(168,'https://www.urjltmxupsffimzegg.com/','Alan Mccarty',146123928,NULL,NULL,1);
INSERT INTO User(idUser,name,password,email,phoneNumber,sex,type,createdAt,lastActivity,active,idLocation)VALUES(169,'Margaret Watanabe','ZQFTK2Z7E','elgjpdprv@hotmail.com','+351 918140576','F',4,'2018-02-06 06:22:52','2021-12-10 11:44:55',1,118);
INSERT INTO Company(idCompany,link,firm,nipc,endSub,endSubVip,idSubscription)VALUES(169,'https://www.fzsluttljsjddattibprdhmaddgzptpzmn.com/','Juan Latham',104064648,'2023-09-21 07:22:51','2023-09-21 07:22:51',8);
INSERT INTO User(idUser,name,password,email,phoneNumber,sex,type,createdAt,lastActivity,active,idLocation)VALUES(170,'Calvin Ayers','B1U0J','rngjptymborj@outlook.com','+351 973508327','M',4,'2017-11-09 11:07:44','2018-07-10 20:36:29',1,624);
INSERT INTO Company(idCompany,link,firm,nipc,endSub,endSubVip,idSubscription)VALUES(170,'https://www.ndcpzjvehtpuahrctashv.com/','Julie Whittington',688984230,NULL,NULL,1);
INSERT INTO User(idUser,name,password,email,phoneNumber,sex,type,createdAt,lastActivity,active,idLocation)VALUES(171,'Edward Pokswinski','D4ME358NG','sanxxkfxqrd@gmail.com','+351 930041670','M',4,'2021-11-18 00:20:51','2021-12-07 06:08:05',0,743);
INSERT INTO Company(idCompany,link,firm,nipc,endSub,endSubVip,idSubscription)VALUES(171,'https://www.dedfrzshrdevctaqpcqiedxb.com/','Emily Duran',764962656,'2023-11-14 03:28:51',NULL,9);
INSERT INTO User(idUser,name,password,email,phoneNumber,sex,type,createdAt,lastActivity,active,idLocation)VALUES(172,'Judith Smith','QZFCENG273ZEK','bramla@outlook.com',NULL,'F',4,'2019-04-29 02:56:46','2020-07-08 01:01:35',1,673);
INSERT INTO Company(idCompany,link,firm,nipc,endSub,endSubVip,idSubscription)VALUES(172,'https://www.idhzmptuoazhpxsmh.com/','Terry Gluck',638601892,'2023-05-09 04:36:06','2022-09-24 16:50:35',13);
INSERT INTO User(idUser,name,password,email,phoneNumber,sex,type,createdAt,lastActivity,active,idLocation)VALUES(173,'Geneva Barrows','LF7YSUWSA4W0X','iiohwuymwgp@outlook.com','+351 927535692','F',4,'2018-03-04 17:29:21','2020-05-06 10:08:16',0,244);
INSERT INTO Company(idCompany,link,firm,nipc,endSub,endSubVip,idSubscription)VALUES(173,'https://www.croucpizvifsxxvtruaemogeharjs.com/','Janie Brown',776164262,NULL,NULL,1);
INSERT INTO User(idUser,name,password,email,phoneNumber,sex,type,createdAt,lastActivity,active,idLocation)VALUES(174,'Heather Cruz','UGBEQVVSYZJB','eqtkfuxysfjal@gmail.com','+351 936614264','F',4,'2017-05-15 07:28:13','2021-04-13 23:30:57',0,417);
INSERT INTO Company(idCompany,link,firm,nipc,endSub,endSubVip,idSubscription)VALUES(174,'https://www.htxsfoxqrzgzeqpcsxuxcsifnbl.com/','Ralph Marsden',687643502,'2023-02-27 11:09:19',NULL,9);
INSERT INTO User(idUser,name,password,email,phoneNumber,sex,type,createdAt,lastActivity,active,idLocation)VALUES(175,'Emily Ridgeway','QE893','zxibeijhfxn@hotmail.com','+351 951641679','F',4,'2021-11-17 11:25:46','2021-12-05 09:31:50',0,328);
INSERT INTO Company(idCompany,link,firm,nipc,endSub,endSubVip,idSubscription)VALUES(175,'https://www.cie.com/','Susan Capulong',513070957,'2023-08-24 18:26:06','2023-08-24 18:26:06',12);
INSERT INTO User(idUser,name,password,email,phoneNumber,sex,type,createdAt,lastActivity,active,idLocation)VALUES(176,'Deborah Sain','BLK1DKJ4BCA6N','liofpcpzrr@gmail.com','+351 923522590','F',4,'2017-04-22 12:52:35','2018-09-11 15:05:18',0,361);
INSERT INTO Company(idCompany,link,firm,nipc,endSub,endSubVip,idSubscription)VALUES(176,'https://www.bizqiebobixvcqcexsxzzpcxmcgzgbl.com/','Martin Mancuso',495170616,'2023-06-24 02:07:50','2022-11-11 23:43:57',12);
INSERT INTO User(idUser,name,password,email,phoneNumber,sex,type,createdAt,lastActivity,active,idLocation)VALUES(177,'Robert Weaver','TV05HE2R308','wxiiarzlavcqm@gmail.com','+351 977132072','M',4,'2018-06-03 10:14:01','2019-04-24 12:37:38',0,654);
INSERT INTO Company(idCompany,link,firm,nipc,endSub,endSubVip,idSubscription)VALUES(177,'https://www.tgdghbbgdlqqbrniqgvnavtdehsvlfaxhzdlljsqlrqc.com/','Dominic Walker',493203409,'2023-01-30 03:45:12','2022-08-26 11:38:00',8);
INSERT INTO User(idUser,name,password,email,phoneNumber,sex,type,createdAt,lastActivity,active,idLocation)VALUES(178,'Kathleen Hall','WGWRQ5Y9KX','cfwruehamhc@outlook.com','+351 963321064','F',4,'2018-03-18 00:35:19','2020-09-29 03:52:30',1,238);
INSERT INTO Company(idCompany,link,firm,nipc,endSub,endSubVip,idSubscription)VALUES(178,'https://www.lvuhlujltcecv.com/','Bea Johnson',304592052,NULL,NULL,1);
INSERT INTO User(idUser,name,password,email,phoneNumber,sex,type,createdAt,lastActivity,active,idLocation)VALUES(179,'Mary Johnson','0DT4BVFF8T2HUMC7UH','mfpiizkah@outlook.com','+351 961601958','F',4,'2021-07-13 04:14:51','2021-10-15 03:13:19',1,713);
INSERT INTO Company(idCompany,link,firm,nipc,endSub,endSubVip,idSubscription)VALUES(179,'https://www.fuioadqaqqxjxbcddz.com/','Lidia Fee',196258878,'2023-07-12 00:08:44',NULL,11);
INSERT INTO User(idUser,name,password,email,phoneNumber,sex,type,createdAt,lastActivity,active,idLocation)VALUES(180,'Tanya Howard','RU0F9F5BMTAHW1TV','exmbl@outlook.com','+351 917497461','F',4,'2021-11-14 23:03:56','2021-12-16 12:49:56',1,123);
INSERT INTO Company(idCompany,link,firm,nipc,endSub,endSubVip,idSubscription)VALUES(180,'https://www.ccliisvfarxdfjtdcgjpseep.com/','Edward Skiba',800487464,'2023-01-19 04:17:43',NULL,9);
INSERT INTO User(idUser,name,password,email,phoneNumber,sex,type,createdAt,lastActivity,active,idLocation)VALUES(181,'Lashonda Sisco','TC2V6','nqdgbxzdvx@outlook.com','+351 910456105','F',4,'2018-01-23 17:26:38','2019-10-19 15:16:51',0,578);
INSERT INTO Company(idCompany,link,firm,nipc,endSub,endSubVip,idSubscription)VALUES(181,'https://www.txsbfpflltl.com/','Daniel Freeman',794573723,'2023-04-13 14:18:49','2022-05-09 20:08:55',11);
INSERT INTO User(idUser,name,password,email,phoneNumber,sex,type,createdAt,lastActivity,active,idLocation)VALUES(182,'Edith Howell','737VKG036','utlolrrwu@gmail.com','+351 973156141','F',4,'2018-12-07 03:06:17','2018-12-14 15:13:47',0,552);
INSERT INTO Company(idCompany,link,firm,nipc,endSub,endSubVip,idSubscription)VALUES(182,'https://www.xnrjjiogctsemuuoraign.com/','Laura Reach',638244648,'2023-11-02 03:25:23',NULL,10);
INSERT INTO User(idUser,name,password,email,phoneNumber,sex,type,createdAt,lastActivity,active,idLocation)VALUES(183,'John Cahill','7FKZ0CGLUKQG5J','rqikavrdkefa@hotmail.com','+351 907362865','M',4,'2021-05-15 23:32:04','2021-08-14 21:02:19',1,25);
INSERT INTO Company(idCompany,link,firm,nipc,endSub,endSubVip,idSubscription)VALUES(183,'https://www.bqiiarfgj.com/','Michael Pena',715976673,'2023-10-24 23:45:12','2022-09-17 16:12:40',13);
INSERT INTO User(idUser,name,password,email,phoneNumber,sex,type,createdAt,lastActivity,active,idLocation)VALUES(184,'Rachelle Mova','KEN4ZACF4R8U1SY7YK1','jqapamqybfyc@gmail.com',NULL,'F',4,'2017-02-21 12:53:01','2020-10-22 17:46:05',0,113);
INSERT INTO Company(idCompany,link,firm,nipc,endSub,endSubVip,idSubscription)VALUES(184,'https://www.epaaoudbbaucixgjitzrqgprx.com/','Max Thyng',880367731,'2023-08-23 20:03:41','2022-12-28 23:44:06',10);
INSERT INTO User(idUser,name,password,email,phoneNumber,sex,type,createdAt,lastActivity,active,idLocation)VALUES(185,'Stephen Hochstetler','1HTNV','rvjatczc@outlook.com','+351 946800488','M',4,'2018-07-16 02:28:26','2020-09-17 14:09:02',1,595);
INSERT INTO Company(idCompany,link,firm,nipc,endSub,endSubVip,idSubscription)VALUES(185,'https://www.stul.com/','Oscar Adams',631472737,'2023-10-23 18:53:09','2023-10-23 18:53:09',13);
INSERT INTO User(idUser,name,password,email,phoneNumber,sex,type,createdAt,lastActivity,active,idLocation)VALUES(186,'Melissa Finkel','R6XRB868VTTQ2U9','iesfzzt@outlook.com','+351 985217074','F',4,'2018-11-07 15:52:35','2021-11-13 20:51:44',1,167);
INSERT INTO Company(idCompany,link,firm,nipc,endSub,endSubVip,idSubscription)VALUES(186,'https://www.dzaaxslodajmlbxvlclabpddxmjrixlnqhx.com/','Benita Rubio',782469126,'2023-06-29 13:50:00','2022-06-15 04:11:03',9);
INSERT INTO User(idUser,name,password,email,phoneNumber,sex,type,createdAt,lastActivity,active,idLocation)VALUES(187,'Shirley Renninger','ND1SYDDNNR770A','jxvkjdassps@hotmail.com','+351 944793940','I',4,'2019-05-12 20:48:40','2019-11-10 14:56:34',1,297);
INSERT INTO Company(idCompany,link,firm,nipc,endSub,endSubVip,idSubscription)VALUES(187,'https://www.uixlsubjtbljjauomqmaxxiaifqa.com/','Elaine Hough',375258390,'2023-08-04 22:19:53',NULL,8);
INSERT INTO User(idUser,name,password,email,phoneNumber,sex,type,createdAt,lastActivity,active,idLocation)VALUES(188,'Elena Miranda','ZR29KT6HC3GA','zpxsxvbo@outlook.com',NULL,'F',4,'2018-02-21 10:19:50','2018-04-22 22:38:11',0,201);
INSERT INTO Company(idCompany,link,firm,nipc,endSub,endSubVip,idSubscription)VALUES(188,'https://www.tftxsebxzpudobzasjsmsq.com/','Bill Dejesus',847280425,'2023-11-02 19:22:36','2023-11-02 19:22:36',10);
INSERT INTO User(idUser,name,password,email,phoneNumber,sex,type,createdAt,lastActivity,active,idLocation)VALUES(189,'Heide Friday','3DZLRQ','suvpu@hotmail.com',NULL,'F',4,'2021-01-19 17:04:18','2021-10-11 14:27:46',0,760);
INSERT INTO Company(idCompany,link,firm,nipc,endSub,endSubVip,idSubscription)VALUES(189,'https://www.pnz.com/','Ann Montano',750828121,'2023-08-21 18:40:25','2023-08-21 18:40:25',12);
INSERT INTO User(idUser,name,password,email,phoneNumber,sex,type,createdAt,lastActivity,active,idLocation)VALUES(190,'Christine Smith','GQ2VNGFGLEN56UW2','nqndqyxeutky@hotmail.com','+351 953525164','F',4,'2018-05-02 12:05:04','2020-12-11 21:23:44',0,792);
INSERT INTO Company(idCompany,link,firm,nipc,endSub,endSubVip,idSubscription)VALUES(190,'https://www.iangvvcjzbjqbanebtqfnra.com/','Cynthia Oquendo',301793021,'2023-09-24 21:34:44','2022-12-24 12:29:49',8);
INSERT INTO User(idUser,name,password,email,phoneNumber,sex,type,createdAt,lastActivity,active,idLocation)VALUES(191,'Bobby Thomas','DDQ36ZB9WBH8U10','eseuknbyc@gmail.com','+351 911348040','M',4,'2020-08-12 02:50:53','2020-11-25 20:08:55',0,438);
INSERT INTO Company(idCompany,link,firm,nipc,endSub,endSubVip,idSubscription)VALUES(191,'https://www.a.com/','David Robbins',371313005,'2023-06-21 01:17:04','2022-03-07 21:32:11',11);
INSERT INTO User(idUser,name,password,email,phoneNumber,sex,type,createdAt,lastActivity,active,idLocation)VALUES(192,'Jamie Williams','3W6FRPMJ7QSLYPA','srhzpmdizia@gmail.com','+351 937637358','I',4,'2020-09-05 20:13:28','2021-09-17 22:05:09',0,58);
INSERT INTO Company(idCompany,link,firm,nipc,endSub,endSubVip,idSubscription)VALUES(192,'https://www.lplanqdolrqvhounjsqocnxcaqpcoqjie.com/','Maggie Simmons',837928616,'2023-12-01 10:27:43','2023-12-01 10:27:43',8);
INSERT INTO User(idUser,name,password,email,phoneNumber,sex,type,createdAt,lastActivity,active,idLocation)VALUES(193,'Sarah Hein','AN4KZCA4XGTFA','sigbgrwmn@hotmail.com','+351 917983841','F',4,'2017-06-17 11:47:22','2019-02-05 16:33:15',1,704);
INSERT INTO Company(idCompany,link,firm,nipc,endSub,endSubVip,idSubscription)VALUES(193,'https://www.ztolcolidmfdrphvofbonjaxqqefbpfnlxtrmhelplebhbrthm.com/','Mona Merchant',858717453,'2023-02-28 12:47:21',NULL,11);
INSERT INTO User(idUser,name,password,email,phoneNumber,sex,type,createdAt,lastActivity,active,idLocation)VALUES(194,'Art Ramos','GY3TQC','jlyxl@hotmail.com','+351 969371434','M',4,'2018-11-06 04:16:16','2018-12-22 09:09:57',1,247);
INSERT INTO Company(idCompany,link,firm,nipc,endSub,endSubVip,idSubscription)VALUES(194,'https://www.rfltfirv.com/','Shirley Meyer',213198114,'2023-10-15 23:55:54',NULL,12);
INSERT INTO User(idUser,name,password,email,phoneNumber,sex,type,createdAt,lastActivity,active,idLocation)VALUES(195,'Sherry Doe','CRJM9A6CU0B','urdrf@gmail.com',NULL,'F',4,'2020-11-01 01:31:59','2021-12-29 10:02:50',0,268);
INSERT INTO Company(idCompany,link,firm,nipc,endSub,endSubVip,idSubscription)VALUES(195,'https://www.dzgzstbhroqgoeca.com/','Marcus Harrison',164906898,'2023-09-27 10:30:19','2023-09-27 10:30:19',10);
INSERT INTO User(idUser,name,password,email,phoneNumber,sex,type,createdAt,lastActivity,active,idLocation)VALUES(196,'Tracy Feldmann','CKSGQBEDJFEHZD8Q','bcqief@hotmail.com','+351 965820555','F',4,'2019-01-23 07:22:52','2021-09-11 03:31:24',0,630);
INSERT INTO Company(idCompany,link,firm,nipc,endSub,endSubVip,idSubscription)VALUES(196,'https://www.h.com/','Wilbert Shoemaker',839937191,'2023-02-21 05:11:35','2023-02-21 05:11:35',13);
INSERT INTO User(idUser,name,password,email,phoneNumber,sex,type,createdAt,lastActivity,active,idLocation)VALUES(197,'Jannette Drennon','858TG7VC','wngdggofmoyu@gmail.com','+351 991733957','F',4,'2021-04-20 22:15:12','2021-05-01 09:02:43',1,727);
INSERT INTO Company(idCompany,link,firm,nipc,endSub,endSubVip,idSubscription)VALUES(197,'https://www.favzhuduedgev.com/','Nick Bouyer',474096683,NULL,NULL,1);
INSERT INTO User(idUser,name,password,email,phoneNumber,sex,type,createdAt,lastActivity,active,idLocation)VALUES(198,'Eunice Clark','Q96CNP1','qlszutnmh@gmail.com',NULL,'F',4,'2020-09-27 03:18:52','2021-07-26 06:17:03',0,111);
INSERT INTO Company(idCompany,link,firm,nipc,endSub,endSubVip,idSubscription)VALUES(198,'https://www.bbbedxivsmoocjbi.com/','Jaqueline Mcclure',467609121,'2023-12-30 16:56:18',NULL,11);
INSERT INTO User(idUser,name,password,email,phoneNumber,sex,type,createdAt,lastActivity,active,idLocation)VALUES(199,'Julie Yamada','L5MJB9QMCRNS9XVCNQGH','wxzaiarb@outlook.com',NULL,'F',4,'2018-07-06 16:45:40','2021-04-22 17:04:40',1,619);
INSERT INTO Company(idCompany,link,firm,nipc,endSub,endSubVip,idSubscription)VALUES(199,'https://www.fzlpgllqmhrhfnqtdbtrompmqgabuipotjgh.com/','Donna Bouthillette',158541057,'2023-05-01 22:50:42',NULL,10);
INSERT INTO User(idUser,name,password,email,phoneNumber,sex,type,createdAt,lastActivity,active,idLocation)VALUES(200,'Elizabeth Watkin','K4JZJ9VZ1L','jvyxfikje@hotmail.com','+351 929899816','F',4,'2021-04-23 13:24:51','2021-12-21 15:02:12',1,529);
INSERT INTO Company(idCompany,link,firm,nipc,endSub,endSubVip,idSubscription)VALUES(200,'https://www.xbxnrqsxqthxnbrqpzqmhscdiuoidjgzlxavosanicnehhg.com/','Garrett Myers',596732865,'2023-07-03 19:08:19','2022-10-08 08:51:55',8);
INSERT INTO User(idUser,name,password,email,phoneNumber,sex,type,createdAt,lastActivity,active,idLocation)VALUES(201,'Bruno Cruz','dazai','brunocruz@gmail.com',NULL,'M',1,'0000-00-00 00:00:00','0000-00-00 00:00:00',0,1);
INSERT INTO User(idUser,name,password,email,phoneNumber,sex,type,createdAt,lastActivity,active,idLocation)VALUES(202,'Admin','admin','admin@gmail.com',NULL,'F',1,'0000-00-00 00:00:00','0000-00-00 00:00:00',0,1);
