USE PI;
INSERT INTO Subscription(idSubscription,type,value,duration)VALUES(1,0,0,'0000-00-00 00:00:00');
INSERT INTO Subscription(idSubscription,type,value,duration)VALUES(2,1,4.99,'0000-01-00 00:00:00');
INSERT INTO Subscription(idSubscription,type,value,duration)VALUES(3,2,11.99,'0000-03-00 00:00:00');
INSERT INTO Subscription(idSubscription,type,value,duration)VALUES(4,3,19.99,'0000-06-00 00:00:00');
INSERT INTO Subscription(idSubscription,type,value,duration)VALUES(5,4,6.99,'0000-01-00 00:00:00');
INSERT INTO Subscription(idSubscription,type,value,duration)VALUES(6,5,16.99,'0000-03-00 00:00:00');
INSERT INTO Subscription(idSubscription,type,value,duration)VALUES(7,6,28.99,'0000-06-00 00:00:00');
INSERT INTO Subscription(idSubscription,type,value,duration)VALUES(8,7,7.99,'0000-01-00 00:00:00');
INSERT INTO Subscription(idSubscription,type,value,duration)VALUES(9,8,17.99,'0000-03-00 00:00:00');
INSERT INTO Subscription(idSubscription,type,value,duration)VALUES(10,9,29.99,'0000-06-00 00:00:00');
INSERT INTO Subscription(idSubscription,type,value,duration)VALUES(11,10,11.49,'0000-01-00 00:00:00');
INSERT INTO Subscription(idSubscription,type,value,duration)VALUES(12,11,27.59,'0000-03-00 00:00:00');
INSERT INTO Subscription(idSubscription,type,value,duration)VALUES(13,12,46.49,'0000-06-00 00:00:00');
INSERT INTO User(idUser,name,password,email,phoneNumber,sex,type,createdAt,lastActivity,active,idLocation)VALUES(1,'Melvin Osborne','LRBXVZ','dnrawjph@outlook.com','+351 919316420','M',2,'2017-04-18 02:17:24','2019-03-21 10:57:38',1,548);
INSERT INTO User(idUser,name,password,email,phoneNumber,sex,type,createdAt,lastActivity,active,idLocation)VALUES(2,'Claude Fields','F0VBY4Y6DBM','etcbkhpzhfz@gmail.com','+351 906628038','I',2,'2020-03-29 08:43:27','2021-03-29 04:33:42',0,781);
INSERT INTO User(idUser,name,password,email,phoneNumber,sex,type,createdAt,lastActivity,active,idLocation)VALUES(3,'William Edmonds','D3Q2WRB6N6CANMP4U91','rbwnizmw@outlook.com',NULL,'I',2,'2018-03-21 16:56:25','2020-03-31 08:11:43',1,719);
INSERT INTO User(idUser,name,password,email,phoneNumber,sex,type,createdAt,lastActivity,active,idLocation)VALUES(4,'Susann Martin','D8RAMQDP59X22705LJ','eqbbrfivss@hotmail.com','+351 930395920','F',2,'2019-02-19 03:48:15','2019-09-08 17:06:39',0,103);
INSERT INTO User(idUser,name,password,email,phoneNumber,sex,type,createdAt,lastActivity,active,idLocation)VALUES(5,'Maria Presson','CULT5MSW2S4EKH9H6Q','wpnqhlgpl@hotmail.com','+351 909355651','F',2,'2018-12-24 06:10:20','2019-08-02 01:29:15',0,19);
INSERT INTO User(idUser,name,password,email,phoneNumber,sex,type,createdAt,lastActivity,active,idLocation)VALUES(6,'Carol Clark','VDGT2KS6UF','bobgffrgtnxxc@outlook.com','+351 919441064','F',2,'2017-12-26 16:17:27','2018-06-08 17:41:55',0,27);
INSERT INTO User(idUser,name,password,email,phoneNumber,sex,type,createdAt,lastActivity,active,idLocation)VALUES(7,'Florence King','NRR77NU','tkdnpggnz@hotmail.com','+351 915125783','F',2,'2019-06-03 03:13:25','2020-10-06 10:17:23',1,388);
INSERT INTO User(idUser,name,password,email,phoneNumber,sex,type,createdAt,lastActivity,active,idLocation)VALUES(8,'Susan Ross','9P7K0FADS','btlta@gmail.com',NULL,'F',2,'2018-01-22 02:31:45','2020-12-14 12:54:39',1,231);
INSERT INTO User(idUser,name,password,email,phoneNumber,sex,type,createdAt,lastActivity,active,idLocation)VALUES(9,'Miriam Baker','LD4U44LQBFD','cyejjxnmtqeaw@gmail.com','+351 968907673','F',2,'2017-09-09 03:13:57','2018-11-27 04:07:26',1,802);
INSERT INTO User(idUser,name,password,email,phoneNumber,sex,type,createdAt,lastActivity,active,idLocation)VALUES(10,'Alfred Natividad','FD8MVUU3HPY7M80VS98','bapssu@hotmail.com','+351 939483751','M',2,'2018-07-19 11:45:55','2020-10-04 12:28:29',0,328);
INSERT INTO User(idUser,name,password,email,phoneNumber,sex,type,createdAt,lastActivity,active,idLocation)VALUES(11,'Neal Prescott','PV1CPQDA6WMPX7W0','zzvbaq@outlook.com','+351 925734509','M',2,'2019-06-29 08:25:58','2021-09-18 14:05:12',0,15);
INSERT INTO User(idUser,name,password,email,phoneNumber,sex,type,createdAt,lastActivity,active,idLocation)VALUES(12,'Mary Mcclurkin','CHEKS8E2JMSTF8B3W','qjbpj@hotmail.com',NULL,'I',2,'2020-02-03 23:49:07','2020-02-20 18:54:25',0,482);
INSERT INTO User(idUser,name,password,email,phoneNumber,sex,type,createdAt,lastActivity,active,idLocation)VALUES(13,'Linda Groomes','WBZQJQA6T7','sapcc@hotmail.com','+351 936655255','F',2,'2020-02-23 05:46:38','2020-12-30 02:22:00',1,13);
INSERT INTO User(idUser,name,password,email,phoneNumber,sex,type,createdAt,lastActivity,active,idLocation)VALUES(14,'Stephen Chase','GEBHHA','qdlsudoetfqyr@outlook.com','+351 987427389','M',2,'2021-08-30 00:30:25','2021-10-19 03:34:11',0,743);
INSERT INTO User(idUser,name,password,email,phoneNumber,sex,type,createdAt,lastActivity,active,idLocation)VALUES(15,'Harold Damon','XPLA1SAN67HY53LRK','pdllt@outlook.com','+351 973489214','M',2,'2021-06-01 10:08:06','2021-08-14 23:01:49',0,342);
INSERT INTO User(idUser,name,password,email,phoneNumber,sex,type,createdAt,lastActivity,active,idLocation)VALUES(16,'Lillian Belin','WCNYN','xpyssdn@gmail.com',NULL,'F',2,'2020-01-17 15:07:55','2020-10-09 02:37:03',1,775);
INSERT INTO User(idUser,name,password,email,phoneNumber,sex,type,createdAt,lastActivity,active,idLocation)VALUES(17,'Francesca Gompf','1NS41TLC','fjjhkmprbbz@outlook.com','+351 958960421','F',2,'2017-04-08 23:32:35','2017-05-08 20:51:36',0,784);
INSERT INTO User(idUser,name,password,email,phoneNumber,sex,type,createdAt,lastActivity,active,idLocation)VALUES(18,'Rose Foss','LVC0F9','vaeaqdyy@outlook.com','+351 908930749','F',2,'2018-09-18 09:15:24','2021-12-09 21:12:11',1,284);
INSERT INTO User(idUser,name,password,email,phoneNumber,sex,type,createdAt,lastActivity,active,idLocation)VALUES(19,'Sharon Rice','Y5W6U491HN6AHUVEW','chenwpgox@gmail.com',NULL,'F',2,'2021-01-04 19:21:41','2021-08-20 16:20:48',1,723);
INSERT INTO User(idUser,name,password,email,phoneNumber,sex,type,createdAt,lastActivity,active,idLocation)VALUES(20,'Mattie Dinh','X0BS37Q','vocffk@gmail.com','+351 928818358','F',2,'2019-09-16 13:59:15','2020-12-07 10:24:25',1,238);
INSERT INTO User(idUser,name,password,email,phoneNumber,sex,type,createdAt,lastActivity,active,idLocation)VALUES(21,'Constance Valencia','1M25MUVQN','gbcmvdql@outlook.com',NULL,'F',2,'2020-03-28 07:50:32','2020-05-16 16:02:03',0,72);
INSERT INTO User(idUser,name,password,email,phoneNumber,sex,type,createdAt,lastActivity,active,idLocation)VALUES(22,'Gwendolyn Cleveland','1YB540J104Z','rvxxl@hotmail.com','+351 956068378','F',2,'2017-03-16 06:45:28','2021-01-05 06:13:35',1,27);
INSERT INTO User(idUser,name,password,email,phoneNumber,sex,type,createdAt,lastActivity,active,idLocation)VALUES(23,'Candice Vasquez','4ES1TXY','fglqitibe@hotmail.com','+351 958115491','F',2,'2021-05-12 19:45:19','2021-08-11 00:46:10',0,74);
INSERT INTO User(idUser,name,password,email,phoneNumber,sex,type,createdAt,lastActivity,active,idLocation)VALUES(24,'Kimberly Kin','3NSX5PJCN','iqrqusqpyk@outlook.com','+351 948949228','F',2,'2020-02-28 16:39:40','2020-04-28 02:56:07',1,68);
INSERT INTO User(idUser,name,password,email,phoneNumber,sex,type,createdAt,lastActivity,active,idLocation)VALUES(25,'Ty Palmer','VGLTP9E83L6RH0WB','znidxhocsku@outlook.com','+351 910983141','M',2,'2017-02-20 20:34:22','2019-04-18 16:37:43',0,357);
INSERT INTO User(idUser,name,password,email,phoneNumber,sex,type,createdAt,lastActivity,active,idLocation)VALUES(26,'Ray Cruz','EA299FMU','xlwvwb@hotmail.com','+351 921836246','M',2,'2017-05-08 07:53:36','2017-10-12 04:39:50',1,777);
INSERT INTO User(idUser,name,password,email,phoneNumber,sex,type,createdAt,lastActivity,active,idLocation)VALUES(27,'William Clifton','BHC26E27SAA','myqnonna@hotmail.com','+351 984177242','M',2,'2017-02-25 10:05:22','2019-07-11 15:14:51',0,56);
INSERT INTO User(idUser,name,password,email,phoneNumber,sex,type,createdAt,lastActivity,active,idLocation)VALUES(28,'Chasity Emerson','PZ3TJ9N6AL4DJ84F4','gopmvrde@hotmail.com',NULL,'F',2,'2017-08-08 02:43:41','2018-09-10 22:07:16',1,72);
INSERT INTO User(idUser,name,password,email,phoneNumber,sex,type,createdAt,lastActivity,active,idLocation)VALUES(29,'Lynn Miller','Y9K22CTG285TDFR37QPL','kahvrjmupl@hotmail.com','+351 906248542','F',2,'2021-02-18 19:54:31','2021-10-25 10:40:08',0,551);
INSERT INTO User(idUser,name,password,email,phoneNumber,sex,type,createdAt,lastActivity,active,idLocation)VALUES(30,'Helen Gibson','LCSE0PTE68T0EGFP','poydxucqvow@gmail.com',NULL,'F',2,'2021-11-23 09:02:58','2021-12-03 13:10:38',0,62);
INSERT INTO User(idUser,name,password,email,phoneNumber,sex,type,createdAt,lastActivity,active,idLocation)VALUES(31,'Arthur Eastburn','LX89T537BU','alnxnaokesf@hotmail.com','+351 932527616','M',2,'2020-10-05 21:42:21','2020-12-20 14:42:19',1,130);
INSERT INTO User(idUser,name,password,email,phoneNumber,sex,type,createdAt,lastActivity,active,idLocation)VALUES(32,'Mary Thach','P0VXN4RM3ZZ','emllrw@gmail.com','+351 960722852','F',2,'2021-02-13 14:49:10','2021-12-29 06:19:44',1,760);
INSERT INTO User(idUser,name,password,email,phoneNumber,sex,type,createdAt,lastActivity,active,idLocation)VALUES(33,'Jeannie Calvo','WTK46ZZ75','giwqxm@hotmail.com','+351 906230568','F',2,'2021-05-08 08:19:53','2021-09-07 14:01:59',0,647);
INSERT INTO User(idUser,name,password,email,phoneNumber,sex,type,createdAt,lastActivity,active,idLocation)VALUES(34,'Mary Akers','44X3CZUP5TH71QZ','xmqowdhjwhhls@outlook.com',NULL,'F',2,'2017-07-29 17:47:07','2019-11-04 19:28:27',0,469);
INSERT INTO User(idUser,name,password,email,phoneNumber,sex,type,createdAt,lastActivity,active,idLocation)VALUES(35,'Mae Nelson','2N9E9VEYSCQNJEAKH','qelcexpl@gmail.com','+351 963900757','F',2,'2017-07-18 14:43:48','2018-10-25 20:33:59',1,169);
INSERT INTO User(idUser,name,password,email,phoneNumber,sex,type,createdAt,lastActivity,active,idLocation)VALUES(36,'Tracy Wright','ET2VZC7U','csrxjrwikh@gmail.com','+351 907182407','F',2,'2018-08-22 18:28:23','2018-10-10 09:19:53',1,20);
INSERT INTO User(idUser,name,password,email,phoneNumber,sex,type,createdAt,lastActivity,active,idLocation)VALUES(37,'Helga Pike','NYNQX','ljnnfyprwfxj@gmail.com','+351 947204503','F',2,'2019-02-08 08:46:42','2020-04-23 20:12:22',1,717);
INSERT INTO User(idUser,name,password,email,phoneNumber,sex,type,createdAt,lastActivity,active,idLocation)VALUES(38,'Theresa Bryant','TWC6S49WYZQ2NGG74N','csrmcgwoz@gmail.com','+351 931053557','F',2,'2020-12-10 02:31:53','2021-07-03 09:01:30',0,797);
INSERT INTO User(idUser,name,password,email,phoneNumber,sex,type,createdAt,lastActivity,active,idLocation)VALUES(39,'Lisa Taylor','YEK8236J','nvgocbmp@outlook.com','+351 961717539','F',2,'2020-04-06 20:41:20','2020-04-16 09:40:05',1,823);
INSERT INTO User(idUser,name,password,email,phoneNumber,sex,type,createdAt,lastActivity,active,idLocation)VALUES(40,'Donald Deforest','LS1HSXFTYNS7RGH5FGR3','koyaqrgbhfhe@outlook.com','+351 910968954','M',2,'2021-05-06 04:22:47','2021-12-18 09:15:02',0,150);
INSERT INTO User(idUser,name,password,email,phoneNumber,sex,type,createdAt,lastActivity,active,idLocation)VALUES(41,'Susan Beale','Z4RFR7QAELV8','plhudceai@gmail.com','+351 953348023','F',2,'2020-09-22 03:55:16','2020-10-20 19:18:09',0,534);
INSERT INTO User(idUser,name,password,email,phoneNumber,sex,type,createdAt,lastActivity,active,idLocation)VALUES(42,'Stacy Schmitt','R58EQWCV0G3AG','aidptd@outlook.com','+351 919794560','F',2,'2018-04-26 01:50:40','2020-11-30 15:30:44',0,64);
INSERT INTO User(idUser,name,password,email,phoneNumber,sex,type,createdAt,lastActivity,active,idLocation)VALUES(43,'John Guerra','5BR9TZAUR6DDCPSYDT45','jmsyxaxgocvo@gmail.com','+351 944019821','M',2,'2017-01-07 20:57:17','2020-10-31 02:39:35',1,142);
INSERT INTO User(idUser,name,password,email,phoneNumber,sex,type,createdAt,lastActivity,active,idLocation)VALUES(44,'Richard Mcbrien','00BSTHE','wtggny@outlook.com','+351 946545793','M',2,'2017-12-12 10:34:50','2017-12-17 09:23:57',0,107);
INSERT INTO User(idUser,name,password,email,phoneNumber,sex,type,createdAt,lastActivity,active,idLocation)VALUES(45,'Stephanie Ser','TNFPZA','sljopnlsup@hotmail.com','+351 918668123','F',2,'2017-04-30 13:50:13','2019-11-04 20:40:30',0,350);
INSERT INTO User(idUser,name,password,email,phoneNumber,sex,type,createdAt,lastActivity,active,idLocation)VALUES(46,'Derrick Spinks','WNDQYUATYKKX7RV16','tqnjzgr@hotmail.com','+351 970401486','M',2,'2017-05-31 16:23:36','2021-06-13 16:35:19',0,299);
INSERT INTO User(idUser,name,password,email,phoneNumber,sex,type,createdAt,lastActivity,active,idLocation)VALUES(47,'Andrew Golan','7LEM7DQ9','uemceublcime@outlook.com',NULL,'M',2,'2018-02-13 07:53:43','2021-12-21 12:20:50',1,661);
INSERT INTO User(idUser,name,password,email,phoneNumber,sex,type,createdAt,lastActivity,active,idLocation)VALUES(48,'George Lopez','BJ698W2NZ6YHP8HRP','eexthut@outlook.com','+351 967753076','M',2,'2017-11-13 11:09:46','2018-07-13 20:09:10',0,476);
INSERT INTO User(idUser,name,password,email,phoneNumber,sex,type,createdAt,lastActivity,active,idLocation)VALUES(49,'William Bellinger','XCTP2','nhnczqf@hotmail.com','+351 903504069','M',2,'2020-10-18 07:20:41','2021-02-01 23:14:43',0,298);
INSERT INTO User(idUser,name,password,email,phoneNumber,sex,type,createdAt,lastActivity,active,idLocation)VALUES(50,'Kari Siemens','HRE6AM6KYPHMHHJGCR','tvclbixky@outlook.com',NULL,'F',2,'2019-04-09 14:35:48','2019-10-20 10:42:03',1,463);
INSERT INTO User(idUser,name,password,email,phoneNumber,sex,type,createdAt,lastActivity,active,idLocation)VALUES(51,'Laura Stratter','02U9GJZ7M74SNDWC5','vcgbrb@gmail.com','+351 939779508','F',3,'2021-08-06 07:11:11','2021-09-17 14:07:52',1,414);
INSERT INTO ServiceProvider(idSP,description,dateOfBirth,endSub,endSubVip,distance,qualifications,averageRating,idSubscription)VALUES(51,'Decerto horas currículo experiência currículo contrato antes higiene os fatura dinheiro as horas contrato mensagem os assim vacinas o número horário importar mensagem contrato antes refeições compras.','1963-10-25','2023-11-02 03:24:00',NULL,NULL,'Porque do cama assim pagamento certificado das antes idoso número companhia compras assim refeições telemóvel das passeios dinheiro antes vacinas idoso pagamento antes ajuda mensagem da idade a de das higiene vacinas passeios a das as a os horas mas ajuda.',0,4);
INSERT INTO User(idUser,name,password,email,phoneNumber,sex,type,createdAt,lastActivity,active,idLocation)VALUES(52,'Angela Dixon','TMU3Q6RQP02G7VQNUJLH','qgxwq@hotmail.com',NULL,'F',3,'2021-10-23 13:23:42','2021-12-23 12:42:06',0,27);
INSERT INTO ServiceProvider(idSP,description,dateOfBirth,endSub,endSubVip,distance,qualifications,averageRating,idSubscription)VALUES(52,'Auxílio idoso prestar proposta ajuda mas horas decerto refeições horário idoso mas higiene assim do contrato os companhia idoso currículo dinheiro importar.','1980-03-21','2023-08-15 23:53:10','2022-06-04 10:25:56',102,'Certificado nada horas higiene higiene decerto nada cama.',0,4);
INSERT INTO User(idUser,name,password,email,phoneNumber,sex,type,createdAt,lastActivity,active,idLocation)VALUES(53,'Mary Dorado','CHKH916LFA','ukfojdgfbm@outlook.com','+351 913581526','F',3,'2019-07-09 22:20:58','2019-09-30 02:28:15',1,433);
INSERT INTO ServiceProvider(idSP,description,dateOfBirth,endSub,endSubVip,distance,qualifications,averageRating,idSubscription)VALUES(53,'Ajuda higiene da passeios número os vacinas prestar dinheiro currículo prestar os idoso decerto proposta currículo vacinas o auxílio dos ora idade nada os assim companhia compras a pagamento proposta.','1995-04-12','2023-04-29 12:48:15','2022-07-07 15:07:00',13,'Dos horas cama importar prestar para certificado ajuda assim causa idoso horário proposta causa horário proposta companhia os certificado idoso.',0,4);
INSERT INTO User(idUser,name,password,email,phoneNumber,sex,type,createdAt,lastActivity,active,idLocation)VALUES(54,'James Steffee','HWHGBMSTSCFXFS0WV8','zljtmhddfeskd@gmail.com','+351 921453572','M',3,'2019-02-13 18:23:46','2020-03-15 09:49:55',1,237);
INSERT INTO ServiceProvider(idSP,description,dateOfBirth,endSub,endSubVip,distance,qualifications,averageRating,idSubscription)VALUES(54,'Da experiência nada compras importar farmácia idoso idoso medicamentos das companhia currículo de ajuda as proposta higiene prestar o vacinas auxílio as dos a a companhia compras importar porque assim a vacinas mas número currículo horas contrato dos mensagem número da do cama mensagem porque porque dinheiro passeios telemóvel contrato de vacinas decerto higiene refeições horário prestar vacinas higiene os ajuda idade o vacinas idade a compras contrato mas.','1969-07-20','2023-01-12 03:12:26',NULL,80,'Prestar de proposta ajuda ajuda telemóvel o certificado ajuda contrato idade higiene as os o decerto refeições idade para o antes as idade os número pagamento contrato a auxílio idade idoso número compras.',0,5);
INSERT INTO User(idUser,name,password,email,phoneNumber,sex,type,createdAt,lastActivity,active,idLocation)VALUES(55,'Amy Pace','1LN1K2','nmzkvwa@hotmail.com','+351 907911679','F',3,'2021-06-12 11:26:20','2021-12-21 07:50:16',1,700);
INSERT INTO ServiceProvider(idSP,description,dateOfBirth,endSub,endSubVip,distance,qualifications,averageRating,idSubscription)VALUES(55,'Dos importar as da higiene mas porque auxílio do o idoso os dos proposta passeios farmácia dos farmácia de idade antes decerto do decerto fatura causa da assim mensagem importar higiene número contrato assim horário pagamento as refeições higiene os farmácia fatura de cama auxílio para pagamento número compras importar do certificado mas medicamentos horário os medicamentos prestar ora medicamentos telemóvel do porque número da medicamentos compras mensagem pagamento horas horas farmácia ajuda assim medicamentos a causa de dinheiro.','1958-09-30',NULL,NULL,118,'Os.',0,1);
INSERT INTO User(idUser,name,password,email,phoneNumber,sex,type,createdAt,lastActivity,active,idLocation)VALUES(56,'Hillary Kirkpatrick','4X4EEM2VH','chpfbsfhaxcxe@gmail.com',NULL,'F',3,'2020-10-08 07:05:23','2021-11-24 12:55:49',1,309);
INSERT INTO ServiceProvider(idSP,description,dateOfBirth,endSub,endSubVip,distance,qualifications,averageRating,idSubscription)VALUES(56,'Companhia certificado higiene contrato companhia dos pagamento idade para mas assim de fatura.','1967-04-16','2023-09-29 05:42:56','2023-09-29 05:42:56',23,'Currículo telemóvel currículo ora porque das cama mensagem farmácia medicamentos cama ora a auxílio mensagem assim idoso currículo passeios idoso.',0,2);
INSERT INTO User(idUser,name,password,email,phoneNumber,sex,type,createdAt,lastActivity,active,idLocation)VALUES(57,'Letha Rapa','KSS091GY8KUAG58PC8','krqwe@outlook.com','+351 977042780','F',3,'2020-08-07 14:07:23','2020-12-09 22:33:46',1,438);
INSERT INTO ServiceProvider(idSP,description,dateOfBirth,endSub,endSubVip,distance,qualifications,averageRating,idSubscription)VALUES(57,'Antes medicamentos da mensagem mensagem os o ora da do o telemóvel o medicamentos ajuda companhia das refeições ajuda idade proposta de mensagem antes dos certificado.','1944-03-24','2023-02-28 13:48:09',NULL,64,'As as mensagem porque ora das horário mensagem fatura certificado idade dinheiro pagamento os telemóvel idoso fatura higiene de compras de refeições higiene contrato currículo currículo assim as medicamentos compras ora nada.',0,7);
INSERT INTO User(idUser,name,password,email,phoneNumber,sex,type,createdAt,lastActivity,active,idLocation)VALUES(58,'Tanya Price','CT7SFLDP3BD','fdhfowlcwsgz@hotmail.com','+351 942642123','F',3,'2018-11-14 01:05:02','2021-10-24 18:08:32',1,47);
INSERT INTO ServiceProvider(idSP,description,dateOfBirth,endSub,endSubVip,distance,qualifications,averageRating,idSubscription)VALUES(58,'Antes assim experiência assim dos certificado proposta idoso medicamentos certificado compras contrato antes da ajuda horas idoso a importar dos experiência para certificado causa experiência horas prestar refeições horas proposta ora ora as de fatura cama currículo número companhia proposta dos vacinas certificado ajuda higiene dinheiro contrato das prestar horário certificado prestar as cama.','1985-04-04',NULL,NULL,NULL,'Cama idoso para de horas nada de certificado antes ora.',0,1);
INSERT INTO User(idUser,name,password,email,phoneNumber,sex,type,createdAt,lastActivity,active,idLocation)VALUES(59,'Gena Price','PY37YJ97GDV','cfgoevktdkp@hotmail.com','+351 996646454','F',3,'2020-04-11 04:25:23','2020-04-13 07:03:25',1,470);
INSERT INTO ServiceProvider(idSP,description,dateOfBirth,endSub,endSubVip,distance,qualifications,averageRating,idSubscription)VALUES(59,'Farmácia certificado importar proposta de para certificado telemóvel compras dos vacinas higiene assim da assim idade proposta o pagamento das porque companhia os farmácia auxílio decerto proposta antes fatura.','1940-12-23','2023-10-05 18:28:11',NULL,123,'Medicamentos companhia do cama refeições decerto proposta assim ora dos de o importar decerto experiência vacinas contrato ora certificado do nada decerto currículo currículo da de farmácia vacinas.',0,5);
INSERT INTO User(idUser,name,password,email,phoneNumber,sex,type,createdAt,lastActivity,active,idLocation)VALUES(60,'Randall Alquisira','0V3T5JNRGVQPSFNR','jtwrvod@outlook.com',NULL,'M',3,'2019-05-29 09:54:07','2021-06-21 00:16:41',0,374);
INSERT INTO ServiceProvider(idSP,description,dateOfBirth,endSub,endSubVip,distance,qualifications,averageRating,idSubscription)VALUES(60,'Número cama os fatura as horas idoso assim antes de currículo nada companhia antes ora para assim as companhia certificado auxílio mensagem higiene experiência farmácia horário higiene da vacinas as auxílio idoso das mas assim assim pagamento compras antes dos fatura os a horas currículo mensagem refeições mensagem o ajuda farmácia higiene refeições companhia para para os das telemóvel companhia de currículo fatura auxílio proposta medicamentos farmácia horas.','1978-06-20','2023-02-12 23:24:41','2022-03-05 04:18:06',133,'Pagamento o proposta ajuda ajuda currículo número prestar currículo mas currículo para idade refeições currículo idoso da idade certificado a farmácia causa ora assim companhia idoso dinheiro contrato.',0,5);
INSERT INTO User(idUser,name,password,email,phoneNumber,sex,type,createdAt,lastActivity,active,idLocation)VALUES(61,'Heather Hobbs','73XE04','axswv@outlook.com','+351 960224026','F',3,'2017-08-01 00:42:14','2018-01-26 11:12:42',0,160);
INSERT INTO ServiceProvider(idSP,description,dateOfBirth,endSub,endSubVip,distance,qualifications,averageRating,idSubscription)VALUES(61,'Idoso ajuda número ajuda currículo dos medicamentos mas das certificado fatura importar pagamento ora de ora currículo idade antes antes a da porque experiência.','1975-12-30','2023-10-23 14:49:14',NULL,130,'Prestar dinheiro nada mensagem compras telemóvel experiência compras os as ajuda assim prestar experiência horário dinheiro os para higiene higiene higiene de horário número.',0,7);
INSERT INTO User(idUser,name,password,email,phoneNumber,sex,type,createdAt,lastActivity,active,idLocation)VALUES(62,'Mary Saunders','4Y4F42LM','pfqhsmvgrdrhe@hotmail.com','+351 965288272','F',3,'2020-10-25 11:40:23','2020-11-01 05:37:45',1,765);
INSERT INTO ServiceProvider(idSP,description,dateOfBirth,endSub,endSubVip,distance,qualifications,averageRating,idSubscription)VALUES(62,'As dos ajuda proposta mensagem assim pagamento medicamentos dos telemóvel o vacinas dinheiro horas fatura auxílio passeios ajuda antes mas dos de importar currículo das horário antes compras mensagem dinheiro pagamento horas dos as refeições mas experiência porque assim importar da companhia certificado nada antes decerto antes mas auxílio currículo da refeições idade contrato farmácia cama horário cama ajuda pagamento.','1960-11-09','2023-04-10 06:20:00',NULL,NULL,'Idoso nada antes refeições da experiência ora mensagem certificado do o compras causa ora causa pagamento compras mensagem contrato companhia experiência experiência.',0,7);
INSERT INTO User(idUser,name,password,email,phoneNumber,sex,type,createdAt,lastActivity,active,idLocation)VALUES(63,'Lorraine Thomas','0U5FKSA41XERK6QPU','lwxycj@gmail.com','+351 955798748','F',3,'2019-07-15 02:08:22','2020-11-22 14:32:30',0,492);
INSERT INTO ServiceProvider(idSP,description,dateOfBirth,endSub,endSubVip,distance,qualifications,averageRating,idSubscription)VALUES(63,'Do cama idade nada os das higiene dos número ora para certificado idoso telemóvel importar mas vacinas contrato número porque fatura os causa telemóvel dos importar currículo de certificado vacinas mensagem número farmácia importar porque causa proposta proposta as da número compras telemóvel horário do número nada.','1988-03-30','2023-02-23 05:17:09','2022-01-26 22:25:13',37,'Horas antes mas prestar decerto porque contrato ajuda importar decerto ora fatura telemóvel dinheiro importar vacinas idoso idoso porque as mas cama do de assim idoso passeios para horas prestar horas pagamento porque companhia refeições passeios cama causa pagamento auxílio os horas da das antes idade prestar farmácia telemóvel importar porque as ajuda pagamento medicamentos idade refeições do farmácia número de decerto passeios farmácia experiência da nada os idoso assim compras compras horas da fatura os do horas mas.',0,4);
INSERT INTO User(idUser,name,password,email,phoneNumber,sex,type,createdAt,lastActivity,active,idLocation)VALUES(64,'Reuben Rabago','VZ13C5CE69Q08A','vapaxomwzktlu@hotmail.com','+351 996017924','M',3,'2018-11-12 02:06:34','2020-07-23 03:16:50',1,636);
INSERT INTO ServiceProvider(idSP,description,dateOfBirth,endSub,endSubVip,distance,qualifications,averageRating,idSubscription)VALUES(64,'Número proposta higiene currículo assim compras auxílio antes vacinas da mas dinheiro nada de vacinas do pagamento do.','1979-08-17','2023-06-16 01:44:14','2023-06-16 01:44:14',5,'Importar medicamentos nada vacinas mensagem idoso contrato mas do contrato vacinas importar mas refeições telemóvel para o da mas da para os as higiene cama ajuda nada da vacinas do para da telemóvel currículo cama das as de porque para os importar companhia do telemóvel dos medicamentos assim de mensagem cama idade assim o.',0,7);
INSERT INTO User(idUser,name,password,email,phoneNumber,sex,type,createdAt,lastActivity,active,idLocation)VALUES(65,'Rebecca Aurora','7U4Q0APFE0R3R2CP','xfuiazfqbbo@gmail.com',NULL,'F',3,'2021-07-04 01:08:33','2021-09-01 02:14:16',0,677);
INSERT INTO ServiceProvider(idSP,description,dateOfBirth,endSub,endSubVip,distance,qualifications,averageRating,idSubscription)VALUES(65,'As compras mas vacinas as dinheiro auxílio idade idade porque ora ajuda horas mensagem ajuda passeios prestar das cama refeições assim antes dos das currículo.','1962-08-01','2023-09-24 01:13:40',NULL,39,'Proposta auxílio contrato dos certificado contrato experiência certificado do medicamentos para passeios prestar mas medicamentos horas auxílio idade pagamento causa idoso currículo as das.',0,5);
INSERT INTO User(idUser,name,password,email,phoneNumber,sex,type,createdAt,lastActivity,active,idLocation)VALUES(66,'Caroline Thomas','MBX6HGMSMZBHYS0T','fdmujgshxn@hotmail.com','+351 994502916','F',3,'2018-06-07 20:52:39','2018-08-07 16:25:52',1,554);
INSERT INTO ServiceProvider(idSP,description,dateOfBirth,endSub,endSubVip,distance,qualifications,averageRating,idSubscription)VALUES(66,'Causa compras mas assim ora número fatura idoso dinheiro horário a ora mensagem pagamento passeios dos companhia mas contrato porque experiência antes proposta as mensagem importar fatura higiene contrato da as compras companhia horas causa a mas decerto da causa experiência a.','2005-01-01','2023-07-01 22:18:07','2022-09-30 05:35:34',NULL,'Número proposta porque currículo auxílio fatura medicamentos horário prestar número higiene do mas ajuda prestar prestar currículo certificado currículo mensagem importar idade higiene refeições importar currículo medicamentos para porque.',0,2);
INSERT INTO User(idUser,name,password,email,phoneNumber,sex,type,createdAt,lastActivity,active,idLocation)VALUES(67,'Diane Alfred','GG7FSNUTTW9G','mlomllt@outlook.com',NULL,'F',3,'2017-09-08 08:04:28','2020-07-03 19:34:34',0,605);
INSERT INTO ServiceProvider(idSP,description,dateOfBirth,endSub,endSubVip,distance,qualifications,averageRating,idSubscription)VALUES(67,'Experiência proposta das prestar contrato higiene os medicamentos auxílio pagamento auxílio proposta fatura cama refeições para das porque proposta mensagem de nada mas de importar mas porque porque os ajuda certificado nada das pagamento idoso mas nada proposta auxílio auxílio importar importar dinheiro idade prestar prestar farmácia proposta idade das idade da decerto passeios auxílio horas as da para idade currículo número causa passeios os cama auxílio medicamentos dos pagamento decerto horas número mas horas idoso decerto do mas.','1966-09-12','2023-06-09 01:54:29',NULL,28,'Vacinas antes mensagem mas idoso proposta número compras horário ajuda prestar a prestar compras das companhia de contrato pagamento auxílio proposta mensagem telemóvel de as compras auxílio currículo farmácia assim ajuda refeições horário auxílio antes companhia cama telemóvel das dinheiro pagamento higiene compras para dos importar companhia nada cama antes antes horas número importar da farmácia.',0,7);
INSERT INTO User(idUser,name,password,email,phoneNumber,sex,type,createdAt,lastActivity,active,idLocation)VALUES(68,'Cassandra Harper','19JLEXX6WKU2Y2V5SDL','rppjnasixzk@hotmail.com',NULL,'F',3,'2017-03-20 09:17:03','2017-07-26 04:39:41',1,768);
INSERT INTO ServiceProvider(idSP,description,dateOfBirth,endSub,endSubVip,distance,qualifications,averageRating,idSubscription)VALUES(68,'Higiene os horário vacinas do para idade currículo o nada do.','1967-09-16',NULL,NULL,8,'Prestar horário mensagem higiene para ora.',0,1);
INSERT INTO User(idUser,name,password,email,phoneNumber,sex,type,createdAt,lastActivity,active,idLocation)VALUES(69,'Kevin Borgman','GLZ83AE4T3V','rgmuox@hotmail.com','+351 904272100','M',3,'2017-02-28 02:59:34','2018-09-07 01:47:40',0,722);
INSERT INTO ServiceProvider(idSP,description,dateOfBirth,endSub,endSubVip,distance,qualifications,averageRating,idSubscription)VALUES(69,'Proposta mensagem.','1990-07-24','2023-03-26 15:12:54','2023-03-26 15:12:54',70,'Passeios pagamento companhia importar farmácia auxílio compras da higiene dinheiro causa refeições nada as das os importar do idoso compras da ora importar horas assim de.',0,5);
INSERT INTO User(idUser,name,password,email,phoneNumber,sex,type,createdAt,lastActivity,active,idLocation)VALUES(70,'Tammie Pinero','KJEL0ZGUBZS5H0','cgjorprokzl@outlook.com',NULL,'F',3,'2018-10-11 23:43:22','2020-03-12 09:31:20',1,59);
INSERT INTO ServiceProvider(idSP,description,dateOfBirth,endSub,endSubVip,distance,qualifications,averageRating,idSubscription)VALUES(70,'Vacinas dos certificado das horário farmácia.','1973-03-31','2023-03-01 03:16:36','2023-03-01 03:16:36',83,'Fatura das companhia porque as prestar dos causa decerto telemóvel fatura de assim da cama contrato currículo.',0,2);
INSERT INTO User(idUser,name,password,email,phoneNumber,sex,type,createdAt,lastActivity,active,idLocation)VALUES(71,'Tina Booker','XS8GTZF7YH2VPAMPZHP4','xtzwyz@gmail.com','+351 925204799','F',3,'2021-07-13 12:35:24','2021-09-28 05:38:18',1,148);
INSERT INTO ServiceProvider(idSP,description,dateOfBirth,endSub,endSubVip,distance,qualifications,averageRating,idSubscription)VALUES(71,'Auxílio idoso nada experiência decerto para para os farmácia idade nada horário prestar certificado horas passeios das horário mas vacinas medicamentos causa telemóvel contrato mas higiene pagamento as fatura experiência causa causa.','1981-05-13','2023-06-22 08:41:27','2022-11-22 06:43:34',NULL,'Dos dos do companhia das.',0,3);
INSERT INTO User(idUser,name,password,email,phoneNumber,sex,type,createdAt,lastActivity,active,idLocation)VALUES(72,'Mary Edwards','4BXR4BW','ibvsqv@outlook.com','+351 913384094','F',3,'2020-06-16 11:58:51','2020-09-25 19:20:20',1,9);
INSERT INTO ServiceProvider(idSP,description,dateOfBirth,endSub,endSubVip,distance,qualifications,averageRating,idSubscription)VALUES(72,'Currículo companhia antes horas ajuda fatura de mensagem antes certificado número refeições proposta auxílio ora decerto mensagem telemóvel horas farmácia decerto importar ora mensagem assim decerto as currículo fatura a causa decerto decerto decerto ora contrato o as idoso refeições contrato das farmácia currículo nada dinheiro da prestar proposta ora medicamentos pagamento experiência da dinheiro passeios vacinas os contrato telemóvel contrato farmácia compras porque companhia causa ajuda.','1942-04-30','2023-07-16 17:57:23',NULL,NULL,'Prestar do telemóvel idoso auxílio medicamentos assim mensagem farmácia mensagem auxílio dos os auxílio nada importar compras contrato cama assim pagamento das idoso das.',0,5);
INSERT INTO User(idUser,name,password,email,phoneNumber,sex,type,createdAt,lastActivity,active,idLocation)VALUES(73,'Annette Thompson','A6Z8CEKHWA7MXV1W9','crfacbzis@gmail.com','+351 962458519','I',3,'2021-11-20 23:54:07','2021-11-23 16:34:42',0,161);
INSERT INTO ServiceProvider(idSP,description,dateOfBirth,endSub,endSubVip,distance,qualifications,averageRating,idSubscription)VALUES(73,'Idade telemóvel ora importar experiência para porque ora refeições horário.','1968-12-04','2023-08-22 01:36:35','2023-08-22 01:36:35',35,'Certificado importar ora idade farmácia os nada número experiência ajuda auxílio do mensagem número do número telemóvel passeios causa contrato compras certificado passeios auxílio do vacinas antes idade a telemóvel ajuda fatura medicamentos currículo ora causa de de fatura pagamento compras da decerto farmácia refeições ajuda dos das horas ajuda assim mas compras.',0,6);
INSERT INTO User(idUser,name,password,email,phoneNumber,sex,type,createdAt,lastActivity,active,idLocation)VALUES(74,'Francisco Wynne','KSC91V83Y4','gxhwgljr@hotmail.com','+351 941639561','M',3,'2018-11-09 21:03:57','2021-05-27 03:41:30',0,496);
INSERT INTO ServiceProvider(idSP,description,dateOfBirth,endSub,endSubVip,distance,qualifications,averageRating,idSubscription)VALUES(74,'Idoso idade fatura mensagem importar vacinas contrato da fatura ora.','1975-06-08','2023-09-11 18:40:17','2022-05-27 01:23:06',NULL,'Número número número importar porque ajuda dos das antes o assim telemóvel compras nada dos experiência horas número causa companhia antes a para cama as antes nada do fatura ajuda companhia companhia da causa dos fatura o refeições idade número mensagem número ora farmácia os porque as companhia fatura passeios compras fatura medicamentos proposta refeições dinheiro antes telemóvel nada decerto.',0,4);
INSERT INTO User(idUser,name,password,email,phoneNumber,sex,type,createdAt,lastActivity,active,idLocation)VALUES(75,'Frances Martinez','2BAC6KJSV3','saoilj@gmail.com','+351 989377329','F',3,'2017-01-14 11:13:43','2017-09-17 00:18:50',0,148);
INSERT INTO ServiceProvider(idSP,description,dateOfBirth,endSub,endSubVip,distance,qualifications,averageRating,idSubscription)VALUES(75,'Companhia prestar da ajuda dinheiro horário mas horário medicamentos certificado decerto o assim medicamentos contrato mensagem prestar importar porque mas telemóvel antes o fatura para fatura para para idade dinheiro antes para importar certificado farmácia experiência cama ora mas mas porque pagamento importar idade as dinheiro o da nada fatura as certificado contrato currículo prestar da nada assim os ora ora para assim.','1988-09-11','2023-11-04 18:07:29','2022-04-06 01:34:55',NULL,'Idoso de horário prestar companhia da os a dos porque experiência cama farmácia a telemóvel medicamentos assim pagamento certificado mensagem para horário prestar os para porque fatura vacinas do companhia mensagem importar contrato companhia experiência as proposta proposta causa passeios certificado ora cama horas farmácia horas medicamentos mensagem do nada idade higiene farmácia horas fatura as idoso o dos.',0,4);
INSERT INTO User(idUser,name,password,email,phoneNumber,sex,type,createdAt,lastActivity,active,idLocation)VALUES(76,'Gregory Watkins','MG6JQECP','kopmgg@hotmail.com','+351 908342903','M',3,'2020-06-19 17:23:17','2021-07-12 04:09:11',1,163);
INSERT INTO ServiceProvider(idSP,description,dateOfBirth,endSub,endSubVip,distance,qualifications,averageRating,idSubscription)VALUES(76,'Cama dos decerto telemóvel mensagem número currículo o companhia dinheiro cama de horas dinheiro cama higiene da horas experiência ajuda proposta nada para nada causa telemóvel farmácia fatura dos auxílio telemóvel nada vacinas porque companhia horas idoso higiene telemóvel importar fatura antes de porque companhia idoso higiene mas decerto decerto das vacinas idoso da certificado idade de mas compras ajuda da farmácia currículo auxílio mensagem.','1977-06-07','2023-10-07 15:33:10','2022-08-02 19:24:58',130,'Farmácia refeições fatura telemóvel prestar certificado do horário passeios ajuda passeios auxílio cama farmácia experiência para as refeições dos mas proposta refeições certificado de causa passeios ajuda passeios vacinas farmácia número para farmácia cama os dos causa currículo mensagem auxílio experiência idoso a ora as companhia mas contrato importar de certificado dos dinheiro experiência número os experiência.',0,2);
INSERT INTO User(idUser,name,password,email,phoneNumber,sex,type,createdAt,lastActivity,active,idLocation)VALUES(77,'Rosetta Neace','XC0DWT','qmshrqvzymxfz@gmail.com',NULL,'F',3,'2021-07-31 00:57:52','2021-10-13 22:28:54',0,780);
INSERT INTO ServiceProvider(idSP,description,dateOfBirth,endSub,endSubVip,distance,qualifications,averageRating,idSubscription)VALUES(77,'Passeios os horário importar companhia número idoso nada nada auxílio currículo horário contrato dinheiro compras pagamento farmácia das assim assim higiene compras dos dinheiro prestar refeições companhia idade mas mas higiene prestar compras assim a porque.','2003-05-25','2023-12-19 10:49:46','2023-12-19 10:49:46',NULL,'Experiência.',0,4);
INSERT INTO User(idUser,name,password,email,phoneNumber,sex,type,createdAt,lastActivity,active,idLocation)VALUES(78,'Judith Jones','K1NJ473XTE8SA9ECN8','maqlmj@gmail.com','+351 907928529','F',3,'2020-11-08 19:26:53','2020-11-20 14:24:05',1,500);
INSERT INTO ServiceProvider(idSP,description,dateOfBirth,endSub,endSubVip,distance,qualifications,averageRating,idSubscription)VALUES(78,'Contrato compras dos idoso do das horário prestar mensagem cama porque farmácia currículo refeições horário ora assim idade dos compras horário assim cama dinheiro cama decerto higiene dos contrato ora o assim horas da idade experiência ajuda da horário prestar nada farmácia ora decerto vacinas mas higiene idade prestar pagamento idoso telemóvel ajuda dos mensagem dinheiro das importar certificado para os mas as currículo do de o telemóvel da prestar compras medicamentos contrato mensagem mas ajuda.','1986-12-09','2023-03-09 10:45:34',NULL,19,'Para proposta da do as as fatura do dos mas refeições dos vacinas dinheiro medicamentos das porque fatura experiência o nada de companhia dos mensagem pagamento antes antes para nada horas das do certificado de assim horário mensagem cama para auxílio a passeios fatura para horário.',0,7);
INSERT INTO User(idUser,name,password,email,phoneNumber,sex,type,createdAt,lastActivity,active,idLocation)VALUES(79,'Amanda Sawtelle','Z1ARDY2WR','lsoooqaileze@hotmail.com','+351 924341973','F',3,'2020-11-01 07:14:58','2021-12-30 14:27:50',0,609);
INSERT INTO ServiceProvider(idSP,description,dateOfBirth,endSub,endSubVip,distance,qualifications,averageRating,idSubscription)VALUES(79,'Porque antes número companhia vacinas causa mensagem número antes contrato contrato cama mas dos os para idade refeições passeios de as horário as higiene telemóvel número causa refeições higiene ora pagamento a porque horário assim vacinas para idoso compras idoso decerto importar pagamento mensagem idade pagamento.','1944-01-17','2023-04-29 01:01:09','2022-05-13 08:55:09',141,'Ora proposta refeições passeios passeios os fatura auxílio farmácia da horário dos assim passeios proposta da certificado idoso ajuda experiência importar currículo vacinas experiência.',0,3);
INSERT INTO User(idUser,name,password,email,phoneNumber,sex,type,createdAt,lastActivity,active,idLocation)VALUES(80,'Patricia Goldsmith','14R5X1WZT4W4DMDHFY','lbqoqayrpjfqc@hotmail.com','+351 951083423','F',3,'2018-04-26 12:20:26','2018-10-02 00:06:52',1,654);
INSERT INTO ServiceProvider(idSP,description,dateOfBirth,endSub,endSubVip,distance,qualifications,averageRating,idSubscription)VALUES(80,'Da cama causa os currículo número o fatura prestar fatura dos auxílio para mas antes dos da fatura compras de porque pagamento para ora horário horas idade nada pagamento contrato cama ora farmácia antes experiência refeições medicamentos importar ora do compras mas currículo idoso para ora número do ajuda da contrato.','1963-05-03','2023-08-20 19:45:08','2022-04-08 11:24:30',NULL,'Experiência cama idoso horário a das mensagem dos importar ajuda dos compras higiene passeios cama cama de das o currículo higiene vacinas idoso para.',0,3);
INSERT INTO User(idUser,name,password,email,phoneNumber,sex,type,createdAt,lastActivity,active,idLocation)VALUES(81,'Bobby Arguello','PWYF4','jzwwkhkmeyn@gmail.com','+351 990328036','F',3,'2019-11-18 21:55:48','2021-03-17 21:56:49',1,213);
INSERT INTO ServiceProvider(idSP,description,dateOfBirth,endSub,endSubVip,distance,qualifications,averageRating,idSubscription)VALUES(81,'Mas contrato as contrato ajuda decerto mensagem idoso para causa para mensagem proposta horas certificado farmácia passeios horário as ajuda da mas ajuda proposta contrato importar horário farmácia ajuda higiene.','1945-02-08','2023-11-01 11:43:45',NULL,84,'Higiene passeios passeios fatura currículo passeios telemóvel prestar compras número importar contrato refeições prestar fatura cama refeições.',0,5);
INSERT INTO User(idUser,name,password,email,phoneNumber,sex,type,createdAt,lastActivity,active,idLocation)VALUES(82,'Delilah Cash','9KYJAF95XB0ZUJTA','dkokhd@hotmail.com','+351 904750853','F',3,'2019-09-21 19:38:51','2019-11-07 01:58:42',0,511);
INSERT INTO ServiceProvider(idSP,description,dateOfBirth,endSub,endSubVip,distance,qualifications,averageRating,idSubscription)VALUES(82,'Horário para cama proposta farmácia proposta das horas compras decerto companhia companhia ajuda antes vacinas dos antes os decerto auxílio experiência idade assim dinheiro assim refeições proposta nada medicamentos importar idade as idoso auxílio companhia do dinheiro das horário os certificado prestar decerto compras passeios porque prestar higiene mensagem as idade contrato horário cama o nada.','1971-10-27','2023-07-27 01:18:31','2022-11-06 08:47:15',118,'Passeios ora farmácia ajuda ora de para.',0,5);
INSERT INTO User(idUser,name,password,email,phoneNumber,sex,type,createdAt,lastActivity,active,idLocation)VALUES(83,'Sandi Gay','4EFACP8HTMSAU','xyiakgh@hotmail.com','+351 972925522','F',3,'2020-06-11 16:31:06','2020-06-22 16:06:29',0,64);
INSERT INTO ServiceProvider(idSP,description,dateOfBirth,endSub,endSubVip,distance,qualifications,averageRating,idSubscription)VALUES(83,'Da passeios experiência os porque cama mensagem higiene proposta importar nada idoso porque das auxílio decerto mensagem auxílio dos de causa as experiência prestar telemóvel horas proposta para higiene pagamento para as experiência das telemóvel currículo dos fatura ajuda antes certificado nada.','1948-05-22','2023-08-16 07:54:25','2023-08-16 07:54:25',10,'Idoso compras mas de medicamentos dinheiro companhia proposta experiência o antes farmácia o antes proposta idoso prestar companhia ora mas ora horário assim.',0,6);
INSERT INTO User(idUser,name,password,email,phoneNumber,sex,type,createdAt,lastActivity,active,idLocation)VALUES(84,'Jennifer Miller','AY679QSS4VTLWRDQ0','zwpqjulorhh@hotmail.com','+351 921453818','F',3,'2019-08-02 00:15:17','2019-11-01 02:36:35',0,369);
INSERT INTO ServiceProvider(idSP,description,dateOfBirth,endSub,endSubVip,distance,qualifications,averageRating,idSubscription)VALUES(84,'Porque.',NULL,NULL,NULL,7,'Contrato vacinas passeios experiência passeios farmácia de nada causa auxílio vacinas dinheiro das pagamento idade experiência dos refeições de telemóvel compras do compras companhia compras dos porque da das vacinas auxílio porque companhia ajuda horas idoso prestar nada currículo currículo de currículo das experiência a dinheiro prestar de dinheiro dos as idade idoso horas contrato cama mas porque das do refeições do nada as passeios dinheiro experiência fatura causa experiência para.',0,1);
INSERT INTO User(idUser,name,password,email,phoneNumber,sex,type,createdAt,lastActivity,active,idLocation)VALUES(85,'Johnnie Mcdanel','L0JPS4DWJ2C','ejgnfrzyjrg@hotmail.com','+351 971136960','M',3,'2021-03-08 07:06:27','2021-07-30 16:56:02',0,531);
INSERT INTO ServiceProvider(idSP,description,dateOfBirth,endSub,endSubVip,distance,qualifications,averageRating,idSubscription)VALUES(85,'Os decerto higiene horário mas idade antes da medicamentos compras refeições assim prestar número passeios higiene idade porque currículo idade proposta para.',NULL,'2023-01-28 17:55:14',NULL,143,'Idoso ajuda farmácia ajuda do ora cama certificado auxílio pagamento antes das nada assim medicamentos telemóvel assim telemóvel do proposta porque contrato ajuda auxílio do experiência prestar passeios companhia certificado mas decerto horário telemóvel currículo prestar a ora nada da auxílio compras assim de dinheiro das mensagem fatura o horário pagamento idade porque auxílio nada proposta certificado vacinas da para currículo porque contrato ajuda o compras telemóvel decerto compras nada telemóvel.',0,3);
INSERT INTO User(idUser,name,password,email,phoneNumber,sex,type,createdAt,lastActivity,active,idLocation)VALUES(86,'Richard Newman','6B13AH','ofrxmlqnmdht@outlook.com','+351 923368597','M',3,'2021-10-26 06:06:37','2021-11-28 05:54:02',0,106);
INSERT INTO ServiceProvider(idSP,description,dateOfBirth,endSub,endSubVip,distance,qualifications,averageRating,idSubscription)VALUES(86,'Dinheiro medicamentos os ora mensagem mensagem as de auxílio ajuda dinheiro de o contrato cama ora proposta antes proposta mensagem dos dos decerto cama nada causa mas nada contrato dos telemóvel vacinas pagamento proposta porque horário o ajuda das refeições.','1974-10-07','2023-08-16 20:32:05','2022-07-21 09:16:40',130,'Experiência experiência passeios horário número ajuda antes certificado medicamentos experiência certificado contrato horário cama as idade ajuda número idoso currículo das o importar idade idade ajuda companhia compras companhia pagamento telemóvel do fatura para companhia ora certificado refeições compras contrato decerto refeições proposta auxílio proposta.',0,6);
INSERT INTO User(idUser,name,password,email,phoneNumber,sex,type,createdAt,lastActivity,active,idLocation)VALUES(87,'Lisa Roby','EDTBDDQPLJNEV','txgvofg@outlook.com','+351 930816854','F',3,'2019-06-20 23:43:30','2019-06-24 17:51:02',0,657);
INSERT INTO ServiceProvider(idSP,description,dateOfBirth,endSub,endSubVip,distance,qualifications,averageRating,idSubscription)VALUES(87,'Currículo idoso refeições ora experiência companhia o mensagem pagamento dinheiro idade idoso decerto certificado de farmácia cama as passeios ora ora horas causa para dos assim de o antes mensagem prestar medicamentos prestar causa porque cama vacinas idade para companhia o telemóvel passeios vacinas para vacinas dinheiro de companhia ajuda de o de cama farmácia higiene proposta certificado o idade cama vacinas contrato das refeições ora telemóvel os mensagem cama dinheiro pagamento assim compras ora do.','1969-10-30','2023-06-03 17:52:36','2022-08-25 01:19:25',NULL,'Do cama passeios para fatura refeições porque currículo ora decerto pagamento passeios contrato mas dos pagamento horas os horário farmácia pagamento idade currículo currículo proposta idoso número fatura causa horário para pagamento idade decerto para o cama do número porque assim vacinas certificado.',0,6);
INSERT INTO User(idUser,name,password,email,phoneNumber,sex,type,createdAt,lastActivity,active,idLocation)VALUES(88,'Linda King','BKH5YQ754LV4GBB2FB','cxrknzugso@gmail.com','+351 902084108','F',3,'2019-04-25 13:33:15','2021-03-02 11:52:29',1,514);
INSERT INTO ServiceProvider(idSP,description,dateOfBirth,endSub,endSubVip,distance,qualifications,averageRating,idSubscription)VALUES(88,'Horário decerto número certificado idade o companhia vacinas ajuda proposta ora companhia o telemóvel proposta farmácia dos medicamentos farmácia pagamento contrato das prestar a proposta compras importar compras o importar refeições causa antes de número mensagem importar idade porque medicamentos.','1995-05-09','2023-12-18 12:25:19','2023-12-18 12:25:19',NULL,'Telemóvel a horário companhia a telemóvel antes número idoso importar experiência idoso as a pagamento higiene o assim.',0,2);
INSERT INTO User(idUser,name,password,email,phoneNumber,sex,type,createdAt,lastActivity,active,idLocation)VALUES(89,'Wendy Minton','5FQ8NT1D91HB1JWNYSH','fbwyrot@gmail.com','+351 957702747','F',3,'2021-10-29 17:31:04','2021-11-29 18:00:11',0,571);
INSERT INTO ServiceProvider(idSP,description,dateOfBirth,endSub,endSubVip,distance,qualifications,averageRating,idSubscription)VALUES(89,'De ora o horas nada telemóvel auxílio para ora de contrato passeios o experiência farmácia dos assim o idade porque experiência certificado assim de mas decerto as horário mas mensagem do porque antes dinheiro do auxílio mas passeios pagamento dos das importar certificado prestar a horário os horário higiene.','1975-02-05','2023-09-18 23:52:01','2023-09-18 23:52:01',85,'Cama experiência ora horas ora antes experiência mas ora contrato a do mas.',0,5);
INSERT INTO User(idUser,name,password,email,phoneNumber,sex,type,createdAt,lastActivity,active,idLocation)VALUES(90,'Pamela Harrington','TPBB0LY','pojlpqtu@gmail.com','+351 963264248','F',3,'2018-10-25 04:04:30','2020-05-11 03:09:01',1,246);
INSERT INTO ServiceProvider(idSP,description,dateOfBirth,endSub,endSubVip,distance,qualifications,averageRating,idSubscription)VALUES(90,'Refeições do higiene proposta assim idoso telemóvel farmácia importar ajuda farmácia prestar experiência experiência passeios o auxílio mas importar de mensagem nada número auxílio a refeições.','2005-04-15','2023-06-25 01:53:03','2023-06-25 01:53:03',138,'Medicamentos certificado idoso o as fatura pagamento porque a currículo de proposta o companhia mensagem dinheiro assim idade higiene número idade de da companhia número os pagamento da os a medicamentos pagamento proposta refeições decerto número currículo contrato idoso porque ora certificado causa currículo telemóvel dinheiro as passeios mensagem importar do idade medicamentos farmácia importar nada decerto mensagem proposta do a da do proposta prestar.',0,7);
INSERT INTO User(idUser,name,password,email,phoneNumber,sex,type,createdAt,lastActivity,active,idLocation)VALUES(91,'Edward Waters','Z5BQ5C9W3BRK8AAH','jixte@hotmail.com','+351 942599689','M',3,'2021-04-07 16:24:58','2021-11-15 11:44:18',1,681);
INSERT INTO ServiceProvider(idSP,description,dateOfBirth,endSub,endSubVip,distance,qualifications,averageRating,idSubscription)VALUES(91,'Fatura prestar antes ora mas ora a nada importar companhia horário da refeições pagamento idoso refeições pagamento o ajuda assim nada os dinheiro mas o antes experiência dinheiro mensagem proposta assim higiene nada causa refeições refeições horário dos decerto horas contrato o pagamento decerto idade o a cama farmácia mas dinheiro idoso auxílio pagamento telemóvel experiência o farmácia medicamentos ajuda companhia idade cama de vacinas experiência horário decerto de telemóvel do para prestar nada antes ajuda a fatura as.','1981-03-30','2023-01-29 18:15:39','2023-01-29 18:15:39',91,'Número de experiência mensagem decerto telemóvel nada de da refeições horas porque horário assim de.',0,6);
INSERT INTO User(idUser,name,password,email,phoneNumber,sex,type,createdAt,lastActivity,active,idLocation)VALUES(92,'Eleanore Gage','S70G7NFFASUYRZSVC','qlyewtnerj@gmail.com','+351 916035676','F',3,'2021-01-04 18:24:43','2021-06-09 11:39:57',0,213);
INSERT INTO ServiceProvider(idSP,description,dateOfBirth,endSub,endSubVip,distance,qualifications,averageRating,idSubscription)VALUES(92,'Refeições porque pagamento os dos causa o higiene pagamento das compras mas experiência currículo mensagem farmácia prestar antes passeios ora compras de as antes idoso prestar horas higiene idoso currículo de farmácia vacinas prestar idoso assim prestar farmácia número cama porque fatura o auxílio nada nada da número decerto para telemóvel horas assim fatura ajuda porque fatura proposta decerto as mensagem experiência pagamento compras vacinas das proposta proposta causa.','1957-10-14','2023-04-04 07:48:57','2023-04-04 07:48:57',101,'Número a para idade medicamentos a experiência causa pagamento de os mensagem currículo o idoso currículo causa antes dos das porque número número nada o.',0,6);
INSERT INTO User(idUser,name,password,email,phoneNumber,sex,type,createdAt,lastActivity,active,idLocation)VALUES(93,'Susan Breazeale','X3PTM6E5JCAC5B','vmkpiqivh@hotmail.com',NULL,'F',3,'2020-06-28 22:46:56','2021-01-13 08:23:31',0,469);
INSERT INTO ServiceProvider(idSP,description,dateOfBirth,endSub,endSubVip,distance,qualifications,averageRating,idSubscription)VALUES(93,'Higiene causa horas o telemóvel passeios compras companhia refeições horário das mas o para auxílio porque prestar auxílio número assim prestar os nada dos pagamento das ora do auxílio contrato importar dos dinheiro decerto pagamento porque currículo medicamentos dos.','1983-09-07',NULL,NULL,59,'Ora experiência experiência mas nada o compras ora assim decerto auxílio antes idade decerto as ora importar os contrato.',0,1);
INSERT INTO User(idUser,name,password,email,phoneNumber,sex,type,createdAt,lastActivity,active,idLocation)VALUES(94,'Clarence Gregg','X4273U90A','ioqhba@outlook.com','+351 943042210','M',3,'2020-09-23 04:26:01','2020-09-26 23:25:45',0,406);
INSERT INTO ServiceProvider(idSP,description,dateOfBirth,endSub,endSubVip,distance,qualifications,averageRating,idSubscription)VALUES(94,'Certificado refeições dinheiro da o decerto dos companhia assim cama antes ora porque porque de idoso experiência para fatura do proposta fatura idoso para horário proposta do antes antes telemóvel a as assim compras o dinheiro ajuda causa horas farmácia.','1993-12-20',NULL,NULL,NULL,'Idade ajuda.',0,1);
INSERT INTO User(idUser,name,password,email,phoneNumber,sex,type,createdAt,lastActivity,active,idLocation)VALUES(95,'Colleen Doyle','K6UT3SPB','pczlxruczabie@gmail.com','+351 995703952','F',3,'2021-02-08 08:13:40','2021-05-10 17:29:59',1,127);
INSERT INTO ServiceProvider(idSP,description,dateOfBirth,endSub,endSubVip,distance,qualifications,averageRating,idSubscription)VALUES(95,'Importar companhia certificado de passeios para o mensagem passeios mas importar das experiência porque causa companhia número passeios idade a auxílio currículo experiência horas certificado idoso companhia importar porque mensagem horas da causa antes telemóvel higiene cama número dos horário dos idade proposta dinheiro currículo decerto fatura idoso certificado idade contrato idade proposta passeios das higiene pagamento idade fatura vacinas telemóvel decerto horário de refeições experiência porque contrato da os assim das a horário importar passeios mas importar.','1964-04-21','2023-01-13 05:39:45',NULL,75,'Pagamento o idoso refeições idoso companhia compras assim refeições currículo higiene experiência da o proposta medicamentos mensagem as importar proposta horário.',0,3);
INSERT INTO User(idUser,name,password,email,phoneNumber,sex,type,createdAt,lastActivity,active,idLocation)VALUES(96,'Daniel Graham','2K4MCPD0KV9','jwkfbccefxua@gmail.com','+351 960120851','M',3,'2017-05-15 18:08:27','2020-09-12 10:02:55',1,415);
INSERT INTO ServiceProvider(idSP,description,dateOfBirth,endSub,endSubVip,distance,qualifications,averageRating,idSubscription)VALUES(96,'Causa dos número telemóvel ajuda dos a fatura prestar importar cama causa ora auxílio porque mas pagamento idade nada cama idoso farmácia companhia idoso as causa refeições compras decerto vacinas horário experiência medicamentos passeios ajuda certificado decerto vacinas horas mas horário compras cama experiência decerto higiene idoso prestar dinheiro horas auxílio prestar fatura do medicamentos idade currículo refeições higiene horário refeições currículo vacinas do a vacinas da idoso higiene assim.','1940-10-07','2023-02-21 10:03:13','2022-12-15 19:18:54',NULL,'Do ora importar mensagem pagamento experiência certificado vacinas ora vacinas farmácia as contrato o fatura experiência mensagem contrato as de dos experiência auxílio.',0,4);
INSERT INTO User(idUser,name,password,email,phoneNumber,sex,type,createdAt,lastActivity,active,idLocation)VALUES(97,'Virgie Kelley','8CPMEZVS','ibwannljnxmo@outlook.com',NULL,'F',3,'2017-03-23 20:24:16','2017-12-10 02:19:42',0,622);
INSERT INTO ServiceProvider(idSP,description,dateOfBirth,endSub,endSubVip,distance,qualifications,averageRating,idSubscription)VALUES(97,'Idoso mensagem certificado nada companhia pagamento causa o das higiene refeições o do porque da contrato antes da passeios contrato cama o os higiene telemóvel assim higiene medicamentos ajuda compras das causa antes dos pagamento o idade as horas experiência experiência dinheiro auxílio vacinas experiência horas importar ajuda decerto o a fatura companhia dos refeições cama compras proposta higiene higiene horário companhia idoso idade higiene dos proposta importar nada a idoso cama os assim idade dinheiro fatura.','1988-11-18','2023-04-11 08:19:11','2023-04-11 08:19:11',NULL,'As currículo medicamentos a porque currículo ajuda a refeições companhia dos nada currículo cama companhia refeições assim decerto dinheiro da telemóvel certificado horas horas da cama companhia experiência causa passeios contrato farmácia dinheiro ora refeições currículo o compras de para dos mas antes experiência higiene ajuda companhia a horas farmácia importar idade os das mas medicamentos importar fatura certificado a horas dos proposta.',0,3);
INSERT INTO User(idUser,name,password,email,phoneNumber,sex,type,createdAt,lastActivity,active,idLocation)VALUES(98,'Manda Allman','984Y4RK92Z0N','gwlpabhwwpp@outlook.com','+351 969450514','F',3,'2017-09-20 11:25:27','2017-10-09 07:19:19',1,825);
INSERT INTO ServiceProvider(idSP,description,dateOfBirth,endSub,endSubVip,distance,qualifications,averageRating,idSubscription)VALUES(98,'.','1997-04-19','2023-09-27 10:38:47','2022-12-11 11:19:22',56,'O pagamento higiene cama porque vacinas ajuda ora das proposta farmácia nada certificado porque mensagem importar certificado mensagem idade antes currículo dos horário companhia decerto de de para proposta decerto cama para mensagem as para cama horário as telemóvel do a prestar mas o contrato horas pagamento mensagem o ajuda farmácia causa de o dos da decerto.',0,4);
INSERT INTO User(idUser,name,password,email,phoneNumber,sex,type,createdAt,lastActivity,active,idLocation)VALUES(99,'Valerie Connor','RWLZ1HYHMEC','xurliiyacili@outlook.com',NULL,'F',3,'2021-10-29 11:04:45','2021-12-14 06:58:17',1,222);
INSERT INTO ServiceProvider(idSP,description,dateOfBirth,endSub,endSubVip,distance,qualifications,averageRating,idSubscription)VALUES(99,'Horário dinheiro de fatura certificado porque o idade idade causa nada experiência experiência contrato currículo da para refeições certificado certificado antes currículo higiene prestar de decerto da ora para companhia horário mas importar o nada telemóvel das idoso currículo ora de idoso telemóvel telemóvel telemóvel nada mas vacinas.',NULL,'2023-08-01 21:05:25',NULL,NULL,'Causa refeições assim compras passeios as ajuda dinheiro farmácia da número para dos porque mas higiene experiência horário o cama idade horas idade refeições a pagamento fatura cama vacinas.',0,2);
INSERT INTO User(idUser,name,password,email,phoneNumber,sex,type,createdAt,lastActivity,active,idLocation)VALUES(100,'Carla Bowles','LLERB','oyscdqjodqqv@outlook.com','+351 952616299','F',3,'2021-10-25 19:06:20','2021-10-31 08:14:10',0,123);
INSERT INTO ServiceProvider(idSP,description,dateOfBirth,endSub,endSubVip,distance,qualifications,averageRating,idSubscription)VALUES(100,'Os auxílio das pagamento assim antes refeições medicamentos da para farmácia porque mas idade de antes os da importar ora os porque telemóvel das currículo causa experiência passeios importar companhia telemóvel horário para dinheiro para assim causa para horário currículo nada currículo refeições vacinas auxílio idade dos da prestar medicamentos refeições porque certificado das passeios farmácia mensagem da.','1982-07-24',NULL,NULL,NULL,'Compras as passeios importar contrato companhia das dinheiro currículo telemóvel farmácia farmácia proposta ajuda compras mensagem dos currículo os compras para de farmácia número farmácia farmácia prestar assim fatura vacinas passeios compras antes o para decerto passeios farmácia os ajuda telemóvel das os passeios de horas o proposta porque fatura das compras prestar passeios prestar vacinas ora idade os farmácia da do antes farmácia compras vacinas.',0,1);
INSERT INTO User(idUser,name,password,email,phoneNumber,sex,type,createdAt,lastActivity,active,idLocation)VALUES(101,'Jim Weston','R0UYTEBATSN6U','mzyrn@outlook.com','+351 903598897','M',3,'2017-04-09 06:32:45','2018-09-23 19:51:00',0,462);
INSERT INTO ServiceProvider(idSP,description,dateOfBirth,endSub,endSubVip,distance,qualifications,averageRating,idSubscription)VALUES(101,'Horário mas da mensagem decerto importar os currículo idoso decerto número assim ora.','1951-06-17','2023-10-14 11:09:09',NULL,NULL,'Idade horas higiene os para das idade passeios para fatura de contrato de do de vacinas ora os contrato dinheiro pagamento antes dinheiro decerto para porque antes porque telemóvel nada assim da fatura fatura a ora dinheiro idoso porque currículo horas das proposta vacinas fatura de fatura certificado nada auxílio mas telemóvel compras idade das porque farmácia vacinas compras causa das companhia vacinas pagamento.',0,5);
INSERT INTO User(idUser,name,password,email,phoneNumber,sex,type,createdAt,lastActivity,active,idLocation)VALUES(102,'Tiffany Mcneill','VUBZHQX4F5636GL','awcudksr@gmail.com','+351 941922918','F',3,'2018-08-29 06:34:38','2018-10-14 03:13:39',0,103);
INSERT INTO ServiceProvider(idSP,description,dateOfBirth,endSub,endSubVip,distance,qualifications,averageRating,idSubscription)VALUES(102,'Número nada mas higiene porque os causa proposta idoso medicamentos companhia contrato telemóvel ajuda horário passeios mensagem a prestar pagamento porque mensagem fatura refeições os higiene a.','1965-03-15','2023-01-28 08:29:52',NULL,NULL,'Horário passeios as antes de vacinas telemóvel farmácia telemóvel a pagamento idade contrato.',0,2);
INSERT INTO User(idUser,name,password,email,phoneNumber,sex,type,createdAt,lastActivity,active,idLocation)VALUES(103,'Julie Stevens','1M6XC4NZSJN','eoersfhifaopl@gmail.com',NULL,'F',3,'2020-02-09 03:09:39','2020-12-11 17:37:18',0,350);
INSERT INTO ServiceProvider(idSP,description,dateOfBirth,endSub,endSubVip,distance,qualifications,averageRating,idSubscription)VALUES(103,'Experiência medicamentos causa de porque contrato passeios decerto horário pagamento importar número cama passeios ajuda das currículo contrato ajuda mensagem idade experiência das para farmácia importar mas cama horário antes do fatura da idoso mas higiene cama nada horário causa da compras refeições dos compras currículo farmácia causa vacinas pagamento certificado das de companhia ora do pagamento certificado do nada compras de idade currículo.','1969-12-29','2023-11-17 13:15:19','2023-11-17 13:15:19',NULL,'Certificado das fatura currículo auxílio idade nada de idade experiência para de a número fatura prestar as refeições experiência vacinas número causa causa pagamento mas decerto do dinheiro auxílio currículo mensagem idade experiência para vacinas ora número horário do experiência assim mensagem importar da idade horas decerto compras o cama a mas nada causa.',0,4);
INSERT INTO User(idUser,name,password,email,phoneNumber,sex,type,createdAt,lastActivity,active,idLocation)VALUES(104,'Jeffrey Burris','JTU4D','rjlydiayt@outlook.com','+351 917786512','M',3,'2017-01-07 07:35:16','2021-06-21 07:59:39',1,811);
INSERT INTO ServiceProvider(idSP,description,dateOfBirth,endSub,endSubVip,distance,qualifications,averageRating,idSubscription)VALUES(104,'Ajuda nada das número vacinas a idoso as telemóvel dinheiro fatura companhia idoso do dinheiro horário telemóvel ora número importar farmácia prestar medicamentos pagamento higiene antes importar nada experiência currículo mensagem das compras fatura o importar antes pagamento compras cama causa dos prestar fatura experiência nada certificado compras certificado vacinas cama telemóvel das experiência cama companhia dinheiro da a refeições companhia das para fatura dos número mas da porque.','1973-03-22',NULL,NULL,NULL,'Porque idoso causa fatura pagamento refeições do ajuda proposta certificado higiene assim certificado das da os ajuda assim passeios do dinheiro do causa higiene a telemóvel idoso compras medicamentos proposta idade proposta idoso número importar assim a proposta proposta o certificado dinheiro importar causa das auxílio certificado das pagamento prestar higiene vacinas medicamentos currículo nada auxílio.',0,1);
INSERT INTO User(idUser,name,password,email,phoneNumber,sex,type,createdAt,lastActivity,active,idLocation)VALUES(105,'Ruby Rainey','YD4YT9R3JEHDQ9','uujwejyoafd@outlook.com','+351 947320933','F',3,'2021-10-09 05:43:29','2021-10-30 09:31:24',1,550);
INSERT INTO ServiceProvider(idSP,description,dateOfBirth,endSub,endSubVip,distance,qualifications,averageRating,idSubscription)VALUES(105,'Farmácia a fatura número dos currículo compras causa pagamento experiência das.','1988-05-03','2023-03-14 13:17:33','2022-05-20 14:04:24',17,'Farmácia decerto de higiene currículo de ora decerto de os para do porque antes número número currículo a pagamento número horas porque o do as.',0,4);
INSERT INTO User(idUser,name,password,email,phoneNumber,sex,type,createdAt,lastActivity,active,idLocation)VALUES(106,'Carmen Rider','WM150CHDV','mcocw@hotmail.com','+351 939147157','F',3,'2020-09-06 15:54:21','2020-12-01 11:36:28',0,275);
INSERT INTO ServiceProvider(idSP,description,dateOfBirth,endSub,endSubVip,distance,qualifications,averageRating,idSubscription)VALUES(106,'Mensagem horário os os dos importar idade o os idoso do as horário ajuda fatura compras idoso assim importar a refeições da proposta ora higiene cama decerto assim do.','1965-05-22','2023-10-09 08:37:19','2022-03-30 13:51:03',99,'Decerto medicamentos porque prestar porque refeições cama causa da dos certificado para currículo a contrato das certificado farmácia passeios dos proposta da experiência telemóvel ora higiene das decerto horas os dinheiro ora importar importar higiene dinheiro para vacinas auxílio do compras ajuda assim prestar experiência experiência as medicamentos horas a decerto as higiene compras mensagem.',0,3);
INSERT INTO User(idUser,name,password,email,phoneNumber,sex,type,createdAt,lastActivity,active,idLocation)VALUES(107,'Elizabeth Lombard','FHLW0AYQRJCT','dzkykkgiuynvb@outlook.com','+351 922765733','F',3,'2017-03-04 03:53:05','2018-09-09 00:27:53',0,332);
INSERT INTO ServiceProvider(idSP,description,dateOfBirth,endSub,endSubVip,distance,qualifications,averageRating,idSubscription)VALUES(107,'Porque certificado certificado as causa idoso idade da os auxílio telemóvel pagamento dos experiência de passeios mensagem horas o pagamento ajuda idoso higiene mensagem idoso das o medicamentos cama ajuda medicamentos telemóvel passeios da prestar higiene do certificado fatura de idoso número cama cama para mensagem número das experiência assim o cama certificado decerto dos dos a nada horário nada telemóvel proposta da companhia nada certificado contrato experiência.','1955-02-22','2023-02-21 18:37:48','2023-02-21 18:37:48',NULL,'Para farmácia os do decerto higiene higiene cama os telemóvel prestar número proposta vacinas nada das currículo cama porque certificado fatura farmácia idoso mas as ajuda auxílio certificado para auxílio das as.',0,3);
INSERT INTO User(idUser,name,password,email,phoneNumber,sex,type,createdAt,lastActivity,active,idLocation)VALUES(108,'Debra Brown','V5DESBGPV9AJ','qdcmxbrv@hotmail.com','+351 978435815','F',3,'2019-08-12 09:31:49','2019-10-12 02:07:19',0,831);
INSERT INTO ServiceProvider(idSP,description,dateOfBirth,endSub,endSubVip,distance,qualifications,averageRating,idSubscription)VALUES(108,'Causa certificado passeios horário farmácia prestar de os currículo compras de da causa horário assim dinheiro auxílio ora proposta farmácia causa nada de nada as a vacinas currículo idade telemóvel mas causa decerto importar ora das vacinas assim as das o as higiene fatura currículo importar medicamentos.','1943-09-13','2023-11-29 18:06:07','2022-09-23 21:04:24',92,'Farmácia decerto vacinas farmácia das vacinas para medicamentos mensagem.',0,2);
INSERT INTO User(idUser,name,password,email,phoneNumber,sex,type,createdAt,lastActivity,active,idLocation)VALUES(109,'Marianna Powell','3GC0GZ','xnqnmluxmcyyk@hotmail.com','+351 938972206','F',3,'2021-09-11 05:22:40','2021-12-15 16:00:08',1,649);
INSERT INTO ServiceProvider(idSP,description,dateOfBirth,endSub,endSubVip,distance,qualifications,averageRating,idSubscription)VALUES(109,'O proposta passeios currículo dos dinheiro antes farmácia proposta telemóvel das certificado certificado os número antes a decerto cama mas cama porque porque auxílio passeios horas mensagem currículo das antes decerto mensagem passeios contrato experiência.','1963-05-08','2023-06-22 10:43:01',NULL,56,'Compras dinheiro causa mensagem medicamentos os os farmácia os companhia proposta pagamento ora certificado importar mensagem certificado prestar ora pagamento porque certificado certificado antes cama ajuda refeições idoso mensagem das porque mas idoso as cama currículo vacinas causa.',0,6);
INSERT INTO User(idUser,name,password,email,phoneNumber,sex,type,createdAt,lastActivity,active,idLocation)VALUES(110,'Russ Caruthers','9EUC5L18P6D7RY','mzliixzxguur@hotmail.com','+351 907546990','M',3,'2020-04-02 01:44:03','2020-07-11 13:13:47',1,479);
INSERT INTO ServiceProvider(idSP,description,dateOfBirth,endSub,endSubVip,distance,qualifications,averageRating,idSubscription)VALUES(110,'Horário farmácia ora vacinas contrato vacinas idade contrato assim as a causa mensagem decerto número ora ora companhia.','1949-03-21',NULL,NULL,46,'Fatura antes compras refeições mas de porque a dos da passeios das certificado companhia de idade vacinas para porque da para idoso as experiência passeios idoso prestar idoso das assim da porque proposta antes para ora mensagem nada os proposta telemóvel vacinas dinheiro decerto mensagem os idade as ora cama idoso porque auxílio compras antes currículo idoso telemóvel para proposta pagamento causa farmácia prestar decerto medicamentos.',0,1);
INSERT INTO User(idUser,name,password,email,phoneNumber,sex,type,createdAt,lastActivity,active,idLocation)VALUES(111,'Alan Ashley','QMF4KPPANKV','hglxwbsrxg@hotmail.com','+351 989632255','I',3,'2019-03-28 16:38:19','2019-06-23 10:08:07',1,215);
INSERT INTO ServiceProvider(idSP,description,dateOfBirth,endSub,endSubVip,distance,qualifications,averageRating,idSubscription)VALUES(111,'Antes da medicamentos cama horas currículo auxílio pagamento causa vacinas horas do causa das das farmácia horas importar os ora decerto da nada vacinas horário higiene porque para idoso ajuda higiene contrato ora nada decerto cama compras idade porque proposta cama das telemóvel pagamento fatura contrato fatura.','1966-06-05',NULL,NULL,88,'Das certificado prestar farmácia auxílio horas cama mensagem cama higiene de idade vacinas prestar os proposta horas horas prestar horas refeições causa decerto idade passeios dos auxílio os porque mensagem proposta vacinas os medicamentos as dinheiro dinheiro horas higiene companhia antes as.',0,1);
INSERT INTO User(idUser,name,password,email,phoneNumber,sex,type,createdAt,lastActivity,active,idLocation)VALUES(112,'Sherry Wingfield','ZWMS8UMBK0823','fbfqaht@gmail.com','+351 993241654','F',3,'2017-12-08 03:16:25','2021-12-24 21:03:13',0,123);
INSERT INTO ServiceProvider(idSP,description,dateOfBirth,endSub,endSubVip,distance,qualifications,averageRating,idSubscription)VALUES(112,'Auxílio auxílio vacinas mensagem ora proposta ora auxílio os prestar antes mas importar dos refeições das medicamentos nada ora importar as vacinas importar para mensagem da nada auxílio auxílio telemóvel passeios número as idoso vacinas ora proposta companhia horas auxílio para das contrato experiência dinheiro das higiene proposta os importar idoso farmácia idade o da companhia contrato de mas prestar pagamento idade medicamentos para telemóvel higiene mensagem das ajuda a pagamento certificado mas fatura mensagem vacinas telemóvel prestar passeios.','2005-09-07',NULL,NULL,132,'Ajuda o da mensagem as horas assim compras as prestar fatura pagamento para idade idoso as higiene certificado idade medicamentos prestar farmácia higiene ajuda dinheiro fatura a nada ajuda os horário a dinheiro de idade experiência idoso idoso horas currículo idoso.',0,1);
INSERT INTO User(idUser,name,password,email,phoneNumber,sex,type,createdAt,lastActivity,active,idLocation)VALUES(113,'Belinda Buck','LZV5A68','bxcwxemoksev@outlook.com','+351 999273468','F',3,'2020-04-30 22:00:20','2020-05-11 13:45:14',1,593);
INSERT INTO ServiceProvider(idSP,description,dateOfBirth,endSub,endSubVip,distance,qualifications,averageRating,idSubscription)VALUES(113,'Dinheiro dinheiro idoso nada pagamento o a o farmácia contrato refeições telemóvel causa nada horário da contrato dinheiro vacinas para nada porque assim as as os nada higiene refeições prestar idade a ora horário prestar horário número currículo certificado horário ora contrato pagamento os mas farmácia decerto para fatura idade ajuda horas passeios prestar pagamento importar a compras pagamento ajuda antes das refeições causa importar fatura horas auxílio assim higiene decerto.','1982-03-10','2023-02-10 01:00:34','2022-06-05 22:08:39',87,'Horário as antes mas dinheiro nada experiência o importar importar das vacinas mas do proposta compras causa cama ora compras medicamentos idade passeios ora horário ajuda causa ajuda fatura cama os porque os do vacinas os fatura cama passeios telemóvel mas currículo compras o vacinas assim a auxílio compras vacinas.',0,5);
INSERT INTO User(idUser,name,password,email,phoneNumber,sex,type,createdAt,lastActivity,active,idLocation)VALUES(114,'Bernice Bays','8VUXKGM','ianxnohrl@outlook.com','+351 930302375','F',3,'2021-05-15 16:44:41','2021-12-25 18:37:51',0,641);
INSERT INTO ServiceProvider(idSP,description,dateOfBirth,endSub,endSubVip,distance,qualifications,averageRating,idSubscription)VALUES(114,'Experiência antes experiência contrato das porque currículo para das dinheiro mas dinheiro currículo decerto nada de ajuda decerto porque prestar certificado auxílio número de a assim horas pagamento telemóvel compras antes certificado dinheiro telemóvel dos vacinas auxílio os da ora certificado as do assim mas companhia assim assim antes os refeições dinheiro experiência da telemóvel do do nada idoso refeições farmácia da contrato higiene certificado telemóvel pagamento companhia horas refeições porque passeios cama o da decerto horas idade.','1957-02-02','2023-06-03 16:34:18','2023-06-03 16:34:18',139,'Porque compras pagamento de assim experiência medicamentos farmácia horas higiene medicamentos a farmácia antes farmácia proposta nada compras da as do para mas companhia causa passeios proposta número para pagamento medicamentos experiência do a refeições ora experiência telemóvel antes companhia vacinas proposta da número de horas mensagem das fatura passeios decerto dinheiro idoso idade decerto de experiência.',0,5);
INSERT INTO User(idUser,name,password,email,phoneNumber,sex,type,createdAt,lastActivity,active,idLocation)VALUES(115,'Brian Martinez','TKDGN35RVWQAH4NG26','eddaxpnjbxg@hotmail.com','+351 952827201','M',3,'2018-03-03 20:05:43','2019-10-01 23:28:55',0,515);
INSERT INTO ServiceProvider(idSP,description,dateOfBirth,endSub,endSubVip,distance,qualifications,averageRating,idSubscription)VALUES(115,'As compras ajuda de da causa medicamentos currículo nada ajuda idade o número da mensagem refeições causa número número de auxílio currículo antes as assim medicamentos decerto fatura certificado horário decerto da dos antes vacinas vacinas proposta idade experiência a contrato telemóvel porque assim causa.','1948-04-21','2023-01-17 07:50:43','2022-01-31 21:21:26',NULL,'Passeios a refeições idoso mensagem mas medicamentos mas dos do de farmácia compras dinheiro do do horas compras dinheiro horário horário nada horas passeios higiene certificado passeios nada idade da.',0,3);
INSERT INTO User(idUser,name,password,email,phoneNumber,sex,type,createdAt,lastActivity,active,idLocation)VALUES(116,'Samuel Cody','QPTTNEXTLQ9ULNKV','phcypfpsaxjfc@gmail.com','+351 962603538','M',3,'2020-04-10 02:52:49','2021-12-31 16:58:17',0,513);
INSERT INTO ServiceProvider(idSP,description,dateOfBirth,endSub,endSubVip,distance,qualifications,averageRating,idSubscription)VALUES(116,'Cama das porque auxílio higiene certificado fatura o dos ora de ora idade telemóvel nada porque fatura ajuda idoso experiência assim da das as os a das medicamentos auxílio dos experiência vacinas decerto pagamento antes compras idade o higiene mas auxílio o ora companhia idade passeios passeios cama número medicamentos prestar compras auxílio das idoso os antes idoso idoso passeios para higiene os da medicamentos número telemóvel refeições antes mas.','1944-01-05','2023-02-16 00:19:30','2023-02-16 00:19:30',144,'Compras importar importar porque ajuda medicamentos decerto para refeições porque os horas mas experiência idoso ajuda pagamento prestar telemóvel telemóvel prestar o compras.',0,3);
INSERT INTO User(idUser,name,password,email,phoneNumber,sex,type,createdAt,lastActivity,active,idLocation)VALUES(117,'Donald Angel','1AZKK7NDDAS7','dwrpjxppnik@gmail.com',NULL,'M',3,'2017-01-07 15:11:48','2019-06-23 02:46:19',0,353);
INSERT INTO ServiceProvider(idSP,description,dateOfBirth,endSub,endSubVip,distance,qualifications,averageRating,idSubscription)VALUES(117,'Antes passeios a refeições porque proposta currículo horas porque horas causa compras horas prestar experiência causa telemóvel medicamentos dinheiro a experiência proposta o causa telemóvel companhia currículo importar passeios decerto refeições a refeições as medicamentos experiência antes de horário nada antes nada número higiene importar mas idade da telemóvel importar passeios importar pagamento ajuda da pagamento da pagamento mensagem as do telemóvel fatura causa horas auxílio fatura idoso farmácia para pagamento nada passeios horário.','1967-01-05','2023-08-10 22:27:16',NULL,93,'A contrato refeições farmácia causa de refeições compras auxílio pagamento importar auxílio prestar o compras ora importar horário horário currículo importar pagamento porque companhia mensagem porque.',0,5);
INSERT INTO User(idUser,name,password,email,phoneNumber,sex,type,createdAt,lastActivity,active,idLocation)VALUES(118,'Jose Boyd','SXNZ9BM3GQJ8DDNQE','ayzzqcehiwl@hotmail.com','+351 919107205','M',3,'2018-12-13 15:24:30','2018-12-13 15:24:30',0,72);
INSERT INTO ServiceProvider(idSP,description,dateOfBirth,endSub,endSubVip,distance,qualifications,averageRating,idSubscription)VALUES(118,'Telemóvel contrato das causa a de certificado as mensagem prestar cama a decerto antes proposta da do pagamento do farmácia nada ora da idoso telemóvel refeições ora.','1990-06-05','2023-04-17 17:09:52',NULL,NULL,'Telemóvel as horas vacinas mas currículo a do cama idoso ajuda antes higiene currículo ora assim pagamento número horas mas auxílio de passeios telemóvel causa pagamento currículo mensagem contrato cama.',0,2);
INSERT INTO User(idUser,name,password,email,phoneNumber,sex,type,createdAt,lastActivity,active,idLocation)VALUES(119,'Linda Adams','M7ZKH27VE1HAPGK3','ftdfrnax@outlook.com','+351 907817355','F',3,'2017-03-08 08:33:27','2020-11-29 01:12:04',0,407);
INSERT INTO ServiceProvider(idSP,description,dateOfBirth,endSub,endSubVip,distance,qualifications,averageRating,idSubscription)VALUES(119,'Assim do nada de da dinheiro assim do da mas do o o dinheiro do das medicamentos horário a.',NULL,'2023-02-13 17:03:32','2022-04-10 09:19:46',46,'Telemóvel importar horário higiene auxílio das ajuda porque proposta certificado nada porque as de porque proposta decerto horário nada os farmácia mas mas higiene medicamentos idoso currículo ajuda dos contrato currículo importar telemóvel horário cama certificado contrato dinheiro farmácia fatura telemóvel passeios assim passeios as cama da das mas fatura medicamentos para telemóvel compras cama causa contrato compras medicamentos ora dos companhia higiene idoso.',0,4);
INSERT INTO User(idUser,name,password,email,phoneNumber,sex,type,createdAt,lastActivity,active,idLocation)VALUES(120,'Thomas Paquette','KYXH64U','atfgkgqoacyc@gmail.com','+351 925254389','M',3,'2018-10-20 08:16:26','2021-06-23 13:35:47',0,200);
INSERT INTO ServiceProvider(idSP,description,dateOfBirth,endSub,endSubVip,distance,qualifications,averageRating,idSubscription)VALUES(120,'Dinheiro ajuda pagamento horário compras os vacinas.','1959-02-20',NULL,NULL,NULL,'Ajuda contrato mensagem antes horário assim assim companhia causa idade nada porque de medicamentos passeios a refeições vacinas porque da farmácia da farmácia idoso dinheiro da ajuda horas os o do porque causa.',0,1);
INSERT INTO User(idUser,name,password,email,phoneNumber,sex,type,createdAt,lastActivity,active,idLocation)VALUES(121,'Marla Henderson','HEKJ95S70LD','eugwmqjpmrl@hotmail.com','+351 930798580','F',3,'2017-03-22 11:35:15','2018-03-27 07:37:39',1,711);
INSERT INTO ServiceProvider(idSP,description,dateOfBirth,endSub,endSubVip,distance,qualifications,averageRating,idSubscription)VALUES(121,'Importar das idoso de nada experiência de a os farmácia cama número as medicamentos pagamento os ajuda importar fatura companhia currículo prestar dos medicamentos do proposta o o vacinas compras certificado decerto telemóvel vacinas das idade decerto higiene número farmácia número assim da horário os compras decerto nada certificado importar dos.','1948-09-20','2023-09-23 19:15:01',NULL,94,'Telemóvel compras horas proposta a decerto antes refeições porque mensagem proposta compras decerto higiene ajuda da contrato assim fatura fatura.',0,3);
INSERT INTO User(idUser,name,password,email,phoneNumber,sex,type,createdAt,lastActivity,active,idLocation)VALUES(122,'Alice Tyson','74L5XC6','coasrtg@gmail.com','+351 900121965','F',3,'2019-10-28 01:03:02','2021-08-06 01:23:47',0,241);
INSERT INTO ServiceProvider(idSP,description,dateOfBirth,endSub,endSubVip,distance,qualifications,averageRating,idSubscription)VALUES(122,'Telemóvel experiência dos farmácia fatura refeições.','1942-06-05','2023-07-19 13:27:20','2022-09-27 21:56:48',NULL,'Dos porque os as companhia pagamento vacinas cama auxílio fatura número vacinas fatura.',0,3);
INSERT INTO User(idUser,name,password,email,phoneNumber,sex,type,createdAt,lastActivity,active,idLocation)VALUES(123,'David Vanconant','U42CUVWY6J5','xzvhuejhn@outlook.com','+351 918152327','M',3,'2019-04-23 22:44:23','2019-06-03 23:31:32',0,553);
INSERT INTO ServiceProvider(idSP,description,dateOfBirth,endSub,endSubVip,distance,qualifications,averageRating,idSubscription)VALUES(123,'Refeições da currículo passeios causa decerto os as número para auxílio refeições farmácia idoso antes nada dos a.','1974-12-02',NULL,NULL,11,'Passeios fatura currículo nada o mensagem pagamento das pagamento do mas importar experiência fatura currículo as os refeições farmácia pagamento horário porque.',0,1);
INSERT INTO User(idUser,name,password,email,phoneNumber,sex,type,createdAt,lastActivity,active,idLocation)VALUES(124,'Arthur Maltas','XJEXGAB6UE7','helttgkxogggo@gmail.com','+351 977112495','M',3,'2018-11-05 08:13:41','2021-05-21 04:10:11',1,307);
INSERT INTO ServiceProvider(idSP,description,dateOfBirth,endSub,endSubVip,distance,qualifications,averageRating,idSubscription)VALUES(124,'Número a companhia dos compras causa mas cama idade dinheiro do fatura assim ora contrato do telemóvel fatura nada de das horário higiene pagamento proposta passeios assim porque currículo compras cama nada as idoso o os proposta mensagem número decerto ajuda pagamento mas.','2001-11-25','2023-12-02 13:20:38',NULL,40,'Idoso vacinas porque dinheiro passeios certificado número antes higiene antes compras auxílio experiência decerto medicamentos vacinas idoso certificado do de nada nada currículo medicamentos mensagem vacinas para contrato contrato cama porque currículo importar medicamentos a antes causa número a prestar assim as idoso mas antes decerto auxílio para proposta experiência prestar assim experiência porque refeições antes decerto fatura.',0,6);
INSERT INTO User(idUser,name,password,email,phoneNumber,sex,type,createdAt,lastActivity,active,idLocation)VALUES(125,'Amberly Wainwright','QAFQH','vangocdatose@hotmail.com','+351 948171927','F',3,'2021-05-02 05:02:36','2021-11-21 05:45:36',0,175);
INSERT INTO ServiceProvider(idSP,description,dateOfBirth,endSub,endSubVip,distance,qualifications,averageRating,idSubscription)VALUES(125,'Proposta passeios mas das nada porque mensagem auxílio proposta decerto o antes medicamentos idade mensagem do os o fatura para currículo prestar para medicamentos do nada vacinas porque ora os idade assim ora da idoso companhia vacinas passeios experiência do ora das telemóvel antes contrato auxílio os idoso das prestar dinheiro proposta cama decerto contrato telemóvel horas ora companhia horas dinheiro pagamento farmácia idoso ora idoso.','1983-10-20','2023-02-14 10:02:07','2023-02-14 10:02:07',NULL,'Prestar idoso para antes fatura certificado farmácia contrato antes mensagem importar farmácia o porque refeições proposta certificado farmácia porque porque as horário refeições mas ora currículo cama vacinas antes importar os cama as mas.',0,7);
INSERT INTO User(idUser,name,password,email,phoneNumber,sex,type,createdAt,lastActivity,active,idLocation)VALUES(126,'Gerald Barber','Y2Z892ZNM4BTM','yhjzofngbunxt@gmail.com',NULL,'M',3,'2018-04-23 06:33:07','2019-07-19 00:33:11',0,64);
INSERT INTO ServiceProvider(idSP,description,dateOfBirth,endSub,endSubVip,distance,qualifications,averageRating,idSubscription)VALUES(126,'Telemóvel auxílio farmácia importar o farmácia da assim dinheiro telemóvel telemóvel auxílio compras idoso o higiene telemóvel número certificado do importar idoso ora companhia causa currículo cama causa importar as auxílio os horas companhia telemóvel número cama porque refeições telemóvel.','1951-10-07','2023-04-21 22:20:44','2022-05-26 08:31:42',27,'Companhia compras nada contrato o porque as.',0,6);
INSERT INTO User(idUser,name,password,email,phoneNumber,sex,type,createdAt,lastActivity,active,idLocation)VALUES(127,'Charlene Gerstner','B1HYF1H7Z1GQ','pbsdstzk@outlook.com','+351 997632383','F',3,'2018-10-21 04:38:29','2019-07-01 14:43:56',1,201);
INSERT INTO ServiceProvider(idSP,description,dateOfBirth,endSub,endSubVip,distance,qualifications,averageRating,idSubscription)VALUES(127,'Dos idade causa o prestar contrato idade currículo mas experiência ajuda.','1940-06-28','2023-06-17 12:13:35','2023-06-17 12:13:35',51,'Proposta medicamentos farmácia idade o ajuda refeições causa higiene refeições das.',0,6);
INSERT INTO User(idUser,name,password,email,phoneNumber,sex,type,createdAt,lastActivity,active,idLocation)VALUES(128,'Helen Wilson','FZ0A5GWKPE1DQAS','eyeglxhkzrq@outlook.com',NULL,'F',3,'2017-07-24 19:35:56','2019-07-28 04:11:16',1,514);
INSERT INTO ServiceProvider(idSP,description,dateOfBirth,endSub,endSubVip,distance,qualifications,averageRating,idSubscription)VALUES(128,'Nada porque medicamentos idoso horas idade auxílio idade proposta horas dinheiro telemóvel número compras cama decerto para ora experiência porque passeios fatura mensagem proposta ora.','1965-06-03','2023-06-05 10:54:34',NULL,75,'Prestar compras higiene do horário causa farmácia telemóvel ora experiência telemóvel cama certificado telemóvel decerto mensagem mas dinheiro a telemóvel das das idade horário passeios farmácia passeios telemóvel companhia cama porque a causa fatura as.',0,5);
INSERT INTO User(idUser,name,password,email,phoneNumber,sex,type,createdAt,lastActivity,active,idLocation)VALUES(129,'Myrtle Gonzales','VHYK6TFCT2FMWMA','beeer@outlook.com','+351 990186413','I',3,'2017-12-31 01:43:26','2017-12-31 01:43:26',1,744);
INSERT INTO ServiceProvider(idSP,description,dateOfBirth,endSub,endSubVip,distance,qualifications,averageRating,idSubscription)VALUES(129,'Dinheiro ora pagamento idoso companhia as do medicamentos para cama compras farmácia da certificado porque idoso do vacinas compras certificado farmácia higiene farmácia.','1974-05-25',NULL,NULL,93,'Refeições cama passeios farmácia para causa ora os porque das das número telemóvel os importar cama assim contrato.',0,1);
INSERT INTO User(idUser,name,password,email,phoneNumber,sex,type,createdAt,lastActivity,active,idLocation)VALUES(130,'Jason Weatherspoon','QUWETN3TH8SN3B','qippkxzycmrw@outlook.com','+351 933202980','M',3,'2019-08-06 19:52:51','2021-03-13 16:28:36',1,826);
INSERT INTO ServiceProvider(idSP,description,dateOfBirth,endSub,endSubVip,distance,qualifications,averageRating,idSubscription)VALUES(130,'Auxílio o o higiene experiência prestar medicamentos do nada higiene para companhia prestar dinheiro vacinas decerto mas a a fatura auxílio cama experiência do mas dinheiro a nada ora currículo mas dinheiro mensagem compras dinheiro número farmácia prestar ajuda para dos experiência horário das passeios horas farmácia medicamentos decerto idoso nada currículo auxílio da idoso nada idoso antes pagamento experiência passeios ajuda causa telemóvel ajuda proposta refeições para fatura antes dos higiene idade passeios telemóvel.',NULL,'2023-12-08 00:43:26','2022-01-02 15:59:45',NULL,'Passeios causa contrato mensagem horas idoso as vacinas da idoso das da para medicamentos causa idoso porque contrato fatura contrato passeios vacinas experiência contrato pagamento pagamento nada contrato porque prestar causa vacinas ora telemóvel dos currículo prestar proposta horas assim idoso dinheiro idade idoso da para nada ajuda dos o higiene cama.',0,7);
INSERT INTO User(idUser,name,password,email,phoneNumber,sex,type,createdAt,lastActivity,active,idLocation)VALUES(131,'Eleanor Robinson','UTG6FN','kxoshhxqqgglr@outlook.com','+351 965420095','F',3,'2020-09-19 07:28:17','2021-11-11 02:34:18',1,373);
INSERT INTO ServiceProvider(idSP,description,dateOfBirth,endSub,endSubVip,distance,qualifications,averageRating,idSubscription)VALUES(131,'.','1963-07-23','2023-03-06 08:44:02','2023-03-06 08:44:02',118,'Número importar o horário experiência telemóvel decerto causa cama auxílio número nada idoso ora prestar antes de higiene vacinas nada a vacinas mensagem idoso ajuda os de dos passeios mas a passeios vacinas assim o assim assim a número da experiência compras vacinas pagamento ora do pagamento importar importar o horário currículo assim decerto passeios compras prestar antes o experiência a proposta ora a horas assim os experiência fatura para horário higiene ora mas farmácia pagamento.',0,7);
INSERT INTO User(idUser,name,password,email,phoneNumber,sex,type,createdAt,lastActivity,active,idLocation)VALUES(132,'Justin Ward','94UA2VDBJY6LDM','rludjvmaz@gmail.com','+351 913231635','M',3,'2020-03-07 08:11:00','2021-04-12 13:42:08',1,694);
INSERT INTO ServiceProvider(idSP,description,dateOfBirth,endSub,endSubVip,distance,qualifications,averageRating,idSubscription)VALUES(132,'Passeios as currículo experiência experiência nada horário número ajuda os compras horas decerto passeios das farmácia decerto mas auxílio refeições passeios antes compras dos cama a ora os horas das assim farmácia vacinas das do higiene o certificado horas nada a farmácia telemóvel da a companhia causa assim vacinas do higiene refeições cama vacinas higiene de para nada dinheiro prestar ajuda importar assim higiene contrato ora compras ajuda passeios pagamento cama.','1956-06-10','2023-10-03 01:28:08','2022-07-16 15:11:55',110,'Porque dinheiro certificado auxílio antes compras decerto porque as antes fatura certificado higiene medicamentos o importar causa compras da dos cama telemóvel do decerto dos ajuda companhia contrato proposta cama horário proposta importar o do compras cama refeições idade telemóvel horário das prestar de refeições experiência horário idade contrato proposta dos telemóvel farmácia idoso medicamentos refeições as ajuda mensagem causa ajuda do da certificado pagamento higiene telemóvel currículo as ora o ora.',0,5);
INSERT INTO User(idUser,name,password,email,phoneNumber,sex,type,createdAt,lastActivity,active,idLocation)VALUES(133,'Joan Condon','D4MP1QTFT','pcjcxysdxdpay@outlook.com','+351 941597474','F',3,'2018-07-06 19:10:31','2018-07-20 03:39:49',0,431);
INSERT INTO ServiceProvider(idSP,description,dateOfBirth,endSub,endSubVip,distance,qualifications,averageRating,idSubscription)VALUES(133,'Horas proposta de os ajuda porque mensagem cama fatura das horas das decerto medicamentos decerto refeições currículo o porque os ora das pagamento refeições idoso refeições antes.','1947-01-24','2023-04-30 13:29:11',NULL,46,'O ora higiene importar contrato horas vacinas do os horário assim importar os auxílio número higiene das os idade do farmácia prestar o antes causa mas das assim prestar higiene causa horas horário porque das porque idoso idoso as as companhia medicamentos contrato farmácia vacinas número higiene auxílio higiene antes auxílio proposta dinheiro prestar fatura passeios dinheiro horas fatura prestar contrato auxílio auxílio dinheiro medicamentos ajuda mas das ora do dos do.',0,7);
INSERT INTO User(idUser,name,password,email,phoneNumber,sex,type,createdAt,lastActivity,active,idLocation)VALUES(134,'Martha Cipolla','NP46S3D8U8STDMQ','hjqxjcxuxcq@outlook.com','+351 972785735','F',3,'2018-09-01 13:46:48','2021-02-21 03:19:27',1,300);
INSERT INTO ServiceProvider(idSP,description,dateOfBirth,endSub,endSubVip,distance,qualifications,averageRating,idSubscription)VALUES(134,'Os decerto.','1965-12-14','2023-03-26 16:53:22','2023-03-26 16:53:22',15,'Contrato proposta idoso importar mensagem das ajuda proposta farmácia contrato da dinheiro horário para para mas certificado idade os medicamentos cama medicamentos as dos dos telemóvel o currículo número medicamentos nada decerto telemóvel dinheiro horário as porque medicamentos para o do nada dos horas vacinas cama do idoso refeições idoso companhia pagamento antes refeições causa mas das causa fatura higiene pagamento vacinas para medicamentos importar número a das idade passeios as proposta causa de ajuda farmácia pagamento.',0,4);
INSERT INTO User(idUser,name,password,email,phoneNumber,sex,type,createdAt,lastActivity,active,idLocation)VALUES(135,'Cheryl Whitten','B5EQE282','otudmwdpmbv@outlook.com','+351 971768733','I',3,'2017-02-13 18:19:27','2017-07-27 15:18:14',1,481);
INSERT INTO ServiceProvider(idSP,description,dateOfBirth,endSub,endSubVip,distance,qualifications,averageRating,idSubscription)VALUES(135,'Ajuda vacinas horas higiene a currículo decerto telemóvel refeições causa causa idoso número companhia telemóvel telemóvel idoso mas auxílio causa porque pagamento.','1974-02-18','2023-09-30 14:51:40',NULL,51,'Ora causa número causa proposta cama vacinas número currículo fatura refeições mensagem higiene de os contrato os mensagem experiência as ora da pagamento passeios da horas nada de dos ajuda da das proposta passeios vacinas antes para dinheiro cama ora proposta idoso passeios currículo número ora para certificado do importar de prestar assim das currículo refeições compras medicamentos certificado cama decerto ajuda.',0,3);
INSERT INTO User(idUser,name,password,email,phoneNumber,sex,type,createdAt,lastActivity,active,idLocation)VALUES(136,'Edward Neeley','ZPQCVPRJH0','kkwwkqtdn@gmail.com','+351 914207685','M',3,'2017-11-11 17:45:37','2021-12-10 19:53:59',1,187);
INSERT INTO ServiceProvider(idSP,description,dateOfBirth,endSub,endSubVip,distance,qualifications,averageRating,idSubscription)VALUES(136,'Vacinas proposta as dinheiro as mensagem a assim mensagem a passeios as assim as telemóvel farmácia do importar para cama da mensagem prestar dinheiro fatura das o os a a telemóvel mas de os as antes os para.','1958-08-08',NULL,NULL,NULL,'Para auxílio para do a cama idade do os mensagem pagamento nada das número companhia antes ajuda dos certificado número refeições da as compras compras medicamentos higiene medicamentos passeios ajuda nada auxílio do mensagem a contrato prestar dinheiro cama ora mas de da fatura idoso dinheiro horário experiência as contrato mensagem das das farmácia antes decerto decerto nada.',0,1);
INSERT INTO User(idUser,name,password,email,phoneNumber,sex,type,createdAt,lastActivity,active,idLocation)VALUES(137,'Daniel Allen','JNC6ERESQN1FY','vypwxwykkwtsl@gmail.com','+351 969857297','M',3,'2017-06-04 22:55:33','2021-06-29 22:42:24',1,466);
INSERT INTO ServiceProvider(idSP,description,dateOfBirth,endSub,endSubVip,distance,qualifications,averageRating,idSubscription)VALUES(137,'Ora antes idoso compras fatura número ajuda nada horas as prestar companhia refeições de horário horas horas idade decerto experiência ajuda assim dinheiro companhia de idade idade o causa porque porque dinheiro mas a experiência causa para do auxílio dos as ora currículo a higiene horário antes certificado contrato as medicamentos mas das cama medicamentos idade compras decerto medicamentos ajuda.','1951-03-14','2023-12-23 13:57:55',NULL,106,'Para medicamentos dos nada porque vacinas das para decerto farmácia horário os do farmácia vacinas refeições a decerto o das a assim passeios de vacinas causa porque idoso antes importar telemóvel pagamento assim dos importar idade idoso o telemóvel.',0,3);
INSERT INTO User(idUser,name,password,email,phoneNumber,sex,type,createdAt,lastActivity,active,idLocation)VALUES(138,'Kasha Ramirez','RT9TY','buyld@gmail.com',NULL,'F',3,'2017-10-07 16:18:56','2018-11-07 00:42:46',1,100);
INSERT INTO ServiceProvider(idSP,description,dateOfBirth,endSub,endSubVip,distance,qualifications,averageRating,idSubscription)VALUES(138,'Causa das do dinheiro cama vacinas vacinas ora importar da causa o currículo nada ora antes pagamento mensagem prestar passeios ajuda mensagem antes refeições da cama auxílio dinheiro antes cama prestar auxílio causa para número número antes compras os ajuda higiene porque refeições horas as da idoso fatura horário horas horário prestar dos os auxílio porque cama porque.','1997-11-25','2023-07-10 19:01:26',NULL,123,'Compras importar de causa dinheiro higiene farmácia proposta causa auxílio das horário antes contrato higiene ajuda o antes medicamentos de mensagem experiência companhia assim proposta para número horas certificado vacinas auxílio os dos proposta mensagem do currículo mensagem horas assim proposta as mas certificado contrato compras prestar fatura auxílio dinheiro certificado os dos idade passeios compras contrato número certificado o higiene ora.',0,7);
INSERT INTO User(idUser,name,password,email,phoneNumber,sex,type,createdAt,lastActivity,active,idLocation)VALUES(139,'Georgina Alvarez','YF3JKSUGFQULYLSX6X','sfffms@gmail.com','+351 932858022','F',3,'2021-04-28 03:01:23','2021-11-27 13:32:52',1,622);
INSERT INTO ServiceProvider(idSP,description,dateOfBirth,endSub,endSubVip,distance,qualifications,averageRating,idSubscription)VALUES(139,'A certificado compras antes as dinheiro pagamento causa horário currículo os companhia horas do a medicamentos compras idade ajuda número companhia horário dos os pagamento idoso auxílio de cama antes importar mensagem telemóvel ora número decerto de fatura companhia a porque farmácia medicamentos da para prestar refeições dos nada horário das refeições ora dos da as compras compras mas dinheiro companhia causa horário farmácia horário companhia nada refeições passeios pagamento assim currículo antes companhia ora prestar refeições.','1954-03-08',NULL,NULL,86,'Higiene das mas ajuda mensagem causa fatura proposta importar mensagem idade idoso dinheiro das vacinas refeições dos das currículo higiene de currículo proposta o companhia currículo compras compras refeições farmácia experiência antes antes de o as vacinas passeios horas companhia antes telemóvel horário número de assim de prestar os vacinas dos o prestar horário importar proposta fatura número compras higiene vacinas passeios telemóvel mensagem os proposta auxílio idade porque de compras importar de higiene horas.',0,1);
INSERT INTO User(idUser,name,password,email,phoneNumber,sex,type,createdAt,lastActivity,active,idLocation)VALUES(140,'Edward Arreaga','4HKPC19','sgbrckhcxrus@hotmail.com',NULL,'I',3,'2017-12-13 10:57:43','2017-12-15 02:39:23',1,448);
INSERT INTO ServiceProvider(idSP,description,dateOfBirth,endSub,endSubVip,distance,qualifications,averageRating,idSubscription)VALUES(140,'Porque da antes cama proposta mensagem porque para da a contrato auxílio higiene da decerto horas mas prestar ora.','1948-08-29','2023-01-07 19:25:51',NULL,18,'Importar do horas das cama a causa horário mensagem prestar de horas refeições mensagem o os farmácia a companhia experiência cama da os a refeições cama idade higiene horário mensagem dinheiro os proposta idade idoso horas importar mensagem pagamento horário a fatura número contrato proposta.',0,6);
INSERT INTO User(idUser,name,password,email,phoneNumber,sex,type,createdAt,lastActivity,active,idLocation)VALUES(141,'Judith King','SJUEAH0W16','dspaljjei@gmail.com','+351 919907565','F',3,'2017-12-28 19:23:20','2018-04-10 17:34:32',1,378);
INSERT INTO ServiceProvider(idSP,description,dateOfBirth,endSub,endSubVip,distance,qualifications,averageRating,idSubscription)VALUES(141,'Número decerto número nada medicamentos as dos ajuda os porque dinheiro vacinas horário antes de os companhia as das as horas causa cama decerto a de importar telemóvel dos refeições da higiene auxílio vacinas.','2003-06-28','2023-07-24 07:08:24','2022-01-03 18:03:51',106,'Importar ora ora causa o o idoso medicamentos compras a dinheiro prestar ora currículo vacinas assim vacinas currículo dinheiro de das horas das currículo certificado.',0,3);
INSERT INTO User(idUser,name,password,email,phoneNumber,sex,type,createdAt,lastActivity,active,idLocation)VALUES(142,'Olga Kearney','N216S212AAGX3S','zgntvlscigac@gmail.com','+351 921420682','F',3,'2021-02-13 05:58:34','2021-09-27 05:42:26',1,52);
INSERT INTO ServiceProvider(idSP,description,dateOfBirth,endSub,endSubVip,distance,qualifications,averageRating,idSubscription)VALUES(142,'Horário proposta dos dos experiência das vacinas contrato certificado prestar idoso prestar os nada de vacinas ora currículo nada companhia de o refeições de horas idoso número do fatura para das dinheiro telemóvel mas prestar as os ora certificado compras idade horas decerto mensagem os compras número do vacinas proposta dos da.',NULL,'2023-12-09 04:13:32','2023-12-09 04:13:32',NULL,'Companhia medicamentos cama de currículo para passeios da da a nada a proposta das número de assim as cama vacinas da farmácia mensagem dinheiro de ora prestar contrato das decerto horário mensagem experiência pagamento companhia das assim cama mas idade para nada para.',0,6);
INSERT INTO User(idUser,name,password,email,phoneNumber,sex,type,createdAt,lastActivity,active,idLocation)VALUES(143,'Jason Tran','8ZVW6GPL2U0LP1Q','izjfqpfkebpy@outlook.com','+351 987510770','M',3,'2019-03-26 04:55:20','2020-04-02 22:13:19',1,514);
INSERT INTO ServiceProvider(idSP,description,dateOfBirth,endSub,endSubVip,distance,qualifications,averageRating,idSubscription)VALUES(143,'Assim idade prestar dos certificado nada mensagem certificado farmácia decerto número assim a os pagamento as das contrato certificado o companhia experiência o auxílio passeios telemóvel o decerto número pagamento a decerto ora de mas mas mensagem o os idoso os dos da experiência decerto higiene mensagem prestar o a fatura medicamentos compras importar contrato farmácia para telemóvel causa ora ora passeios número auxílio contrato auxílio refeições as prestar contrato para horário de número as das o prestar.',NULL,'2023-01-17 03:45:11','2022-03-14 23:53:03',54,'A cama decerto de idade porque auxílio fatura ajuda horas para causa idade número para de dos causa dinheiro assim a medicamentos importar do contrato companhia contrato causa refeições de medicamentos de assim cama importar certificado número nada medicamentos idoso importar telemóvel idade de ora horas.',0,6);
INSERT INTO User(idUser,name,password,email,phoneNumber,sex,type,createdAt,lastActivity,active,idLocation)VALUES(144,'Stanley Fine','5QFNA','vlkou@gmail.com','+351 946936125','M',3,'2019-11-06 11:28:28','2020-01-29 18:27:16',1,832);
INSERT INTO ServiceProvider(idSP,description,dateOfBirth,endSub,endSubVip,distance,qualifications,averageRating,idSubscription)VALUES(144,'Compras da de experiência número fatura a do currículo causa decerto assim horas refeições farmácia auxílio experiência auxílio certificado pagamento dinheiro horário prestar assim vacinas o prestar pagamento dos horário idoso mas das de companhia para medicamentos ajuda ajuda certificado horas nada das mas companhia passeios horas ajuda as horas currículo nada medicamentos dos vacinas refeições horário dos do decerto da o assim horas vacinas telemóvel companhia contrato número assim companhia causa dinheiro da experiência.','1963-09-28',NULL,NULL,NULL,'Horas causa contrato antes de das farmácia ajuda farmácia as para pagamento pagamento decerto refeições currículo compras idade prestar das o telemóvel nada companhia da.',0,1);
INSERT INTO User(idUser,name,password,email,phoneNumber,sex,type,createdAt,lastActivity,active,idLocation)VALUES(145,'Robert Wood','WY3BS','zpmneabvfwfp@gmail.com',NULL,'M',3,'2017-07-12 17:47:10','2021-08-31 05:59:48',1,264);
INSERT INTO ServiceProvider(idSP,description,dateOfBirth,endSub,endSubVip,distance,qualifications,averageRating,idSubscription)VALUES(145,'Horário contrato contrato higiene os assim nada cama higiene porque o currículo auxílio medicamentos experiência mas certificado fatura nada auxílio ajuda vacinas a idade horário antes passeios auxílio decerto compras para as horário experiência número currículo para telemóvel cama mas a proposta currículo da telemóvel.','1981-09-14',NULL,NULL,NULL,'Mensagem de currículo contrato telemóvel pagamento higiene mas fatura contrato farmácia prestar das experiência dos nada ajuda auxílio cama nada compras ajuda decerto pagamento assim farmácia idoso para idade porque farmácia dinheiro idade passeios porque dos o medicamentos compras horas dos pagamento passeios idoso o assim ajuda das da mas idade dos o horas certificado proposta importar assim auxílio contrato proposta pagamento.',0,1);
INSERT INTO User(idUser,name,password,email,phoneNumber,sex,type,createdAt,lastActivity,active,idLocation)VALUES(146,'Anna Phillips','FN3V6FPFXTHL61CRJNC4','pwxabr@gmail.com','+351 925849164','F',3,'2019-09-08 06:37:59','2021-11-04 11:59:46',1,604);
INSERT INTO ServiceProvider(idSP,description,dateOfBirth,endSub,endSubVip,distance,qualifications,averageRating,idSubscription)VALUES(146,'Ora dos passeios auxílio dos telemóvel farmácia companhia contrato das compras os passeios currículo os experiência nada para currículo importar para contrato antes dos das vacinas auxílio horas cama assim nada dinheiro porque ajuda proposta os compras para refeições número ora número passeios mas higiene número ajuda do nada cama fatura higiene ajuda as as importar cama mensagem experiência porque ora auxílio dos companhia prestar dos vacinas telemóvel currículo ajuda proposta assim.','1947-02-17','2023-07-21 05:02:01','2022-10-02 13:12:49',125,'Experiência das prestar da farmácia prestar farmácia companhia importar pagamento decerto cama ajuda proposta horário fatura compras proposta mensagem importar refeições cama auxílio número a contrato do a medicamentos refeições contrato dos da das do auxílio telemóvel os fatura idade causa mas de passeios currículo assim mas certificado proposta idoso passeios.',0,6);
INSERT INTO User(idUser,name,password,email,phoneNumber,sex,type,createdAt,lastActivity,active,idLocation)VALUES(147,'Steve Johnson','L7XMXTK','ychipdqglp@outlook.com','+351 978105147','M',3,'2019-10-10 17:13:06','2019-11-09 16:18:15',0,354);
INSERT INTO ServiceProvider(idSP,description,dateOfBirth,endSub,endSubVip,distance,qualifications,averageRating,idSubscription)VALUES(147,'Causa das vacinas do ora higiene auxílio.','1985-11-11','2023-11-18 23:54:04',NULL,74,'Compras.',0,3);
INSERT INTO User(idUser,name,password,email,phoneNumber,sex,type,createdAt,lastActivity,active,idLocation)VALUES(148,'Douglas Kraft','YKERTQFJ45CFKX','vfaiqhw@outlook.com','+351 956844034','M',3,'2017-11-03 05:06:58','2019-01-25 04:32:47',0,63);
INSERT INTO ServiceProvider(idSP,description,dateOfBirth,endSub,endSubVip,distance,qualifications,averageRating,idSubscription)VALUES(148,'Proposta número idoso o do do medicamentos currículo idade assim a as decerto cama vacinas passeios refeições farmácia mensagem do higiene o dinheiro importar antes pagamento dinheiro experiência companhia os compras mas higiene horas dos decerto assim certificado.','1947-10-04','2023-08-27 23:55:27','2023-08-27 23:55:27',NULL,'Da higiene os certificado causa cama companhia fatura porque número higiene número porque mensagem mas dinheiro companhia vacinas proposta assim porque causa vacinas das da pagamento para companhia prestar fatura passeios companhia farmácia nada da porque ora companhia pagamento idade antes medicamentos pagamento de assim causa nada proposta passeios importar horas das auxílio horário refeições assim idoso proposta vacinas idoso causa o causa a vacinas certificado fatura das decerto nada.',0,6);
INSERT INTO User(idUser,name,password,email,phoneNumber,sex,type,createdAt,lastActivity,active,idLocation)VALUES(149,'Lillie Scribner','99CTDSVVQXN','kjivsqazp@hotmail.com','+351 926119948','F',3,'2021-06-01 06:14:29','2021-11-17 05:16:25',1,422);
INSERT INTO ServiceProvider(idSP,description,dateOfBirth,endSub,endSubVip,distance,qualifications,averageRating,idSubscription)VALUES(149,'Medicamentos refeições para idade companhia idoso dos refeições da de idade vacinas para mensagem horário currículo o decerto dos a currículo cama o refeições fatura contrato das contrato da as das nada a dos a horário compras prestar antes currículo a causa idoso farmácia refeições refeições os auxílio decerto causa da experiência compras a telemóvel do compras idade.','2004-07-02','2023-03-22 02:24:12','2023-03-22 02:24:12',107,'Mas do antes medicamentos compras horário de currículo causa contrato idoso compras cama para os as os contrato do ora higiene prestar vacinas mas passeios cama horas assim assim de a companhia causa idoso importar para contrato telemóvel ora certificado telemóvel fatura para antes do causa decerto nada higiene horas causa assim idoso as certificado higiene antes ora telemóvel número passeios os porque cama refeições o passeios causa decerto o vacinas contrato.',0,5);
INSERT INTO User(idUser,name,password,email,phoneNumber,sex,type,createdAt,lastActivity,active,idLocation)VALUES(150,'Monica Daughtry','ENQBKCDBXSXPC','hbpikkk@hotmail.com','+351 938680556','F',3,'2018-12-06 12:19:39','2019-11-07 09:12:33',0,539);
INSERT INTO ServiceProvider(idSP,description,dateOfBirth,endSub,endSubVip,distance,qualifications,averageRating,idSubscription)VALUES(150,'Os medicamentos ajuda mas dinheiro refeições certificado dos currículo experiência idoso companhia medicamentos prestar vacinas proposta assim cama os dinheiro decerto das.','1978-08-13','2023-08-29 12:18:10',NULL,NULL,'Contrato antes companhia número fatura.',0,5);
INSERT INTO User(idUser,name,password,email,phoneNumber,sex,type,createdAt,lastActivity,active,idLocation)VALUES(151,'Suzanne Jackson','ADNHZ7JHT','reonwam@outlook.com','+351 901870218','F',4,'2021-08-10 14:34:30','2021-12-12 19:50:30',1,186);
INSERT INTO Company(idCompany,link,firm,nipc,endSub,endSubVip,idSubscription)VALUES(151,'https://www.jbqslorepbfaszuxxvsmrxotigscocqemd.com/','Jesus Henry',245145250,'2023-04-30 09:24:40','2023-04-30 09:24:40',8);
INSERT INTO User(idUser,name,password,email,phoneNumber,sex,type,createdAt,lastActivity,active,idLocation)VALUES(152,'William Carrillo','013FBEE7V6','hkkvd@hotmail.com','+351 945661449','M',4,'2021-12-30 02:00:23','2021-12-30 02:00:23',1,283);
INSERT INTO Company(idCompany,link,firm,nipc,endSub,endSubVip,idSubscription)VALUES(152,'https://www.udg.com/','Nelle Kincheloe',399538555,'2023-08-02 05:46:26','2023-08-02 05:46:26',8);
INSERT INTO User(idUser,name,password,email,phoneNumber,sex,type,createdAt,lastActivity,active,idLocation)VALUES(153,'Maxie Thomas','1WSM8','tziafnrskc@hotmail.com','+351 945961788','F',4,'2019-03-03 12:22:00','2019-12-04 05:30:49',0,94);
INSERT INTO Company(idCompany,link,firm,nipc,endSub,endSubVip,idSubscription)VALUES(153,'https://www.oziiaupjzxtvmqi.com/','Ivan Wilkerson',545326117,'2023-02-26 11:55:54','2023-02-26 11:55:54',13);
INSERT INTO User(idUser,name,password,email,phoneNumber,sex,type,createdAt,lastActivity,active,idLocation)VALUES(154,'Laverne Thomas','DPFASGTXPC','alvwazgke@outlook.com','+351 992025276','I',4,'2019-12-27 04:10:55','2019-12-27 04:10:55',1,68);
INSERT INTO Company(idCompany,link,firm,nipc,endSub,endSubVip,idSubscription)VALUES(154,'https://www.jhebdvbcrgppavdvvihsrux.com/','Ola Locke',443484245,'2023-07-16 03:12:04','2022-09-04 14:52:51',13);
INSERT INTO User(idUser,name,password,email,phoneNumber,sex,type,createdAt,lastActivity,active,idLocation)VALUES(155,'Elizabeth Dobbins','C78PQRH','jclpgouyhhr@outlook.com','+351 955377319','F',4,'2020-02-19 11:12:12','2021-04-17 06:39:03',0,764);
INSERT INTO Company(idCompany,link,firm,nipc,endSub,endSubVip,idSubscription)VALUES(155,'https://www.a.com/','Dan Cavanaugh',836045390,NULL,NULL,1);
INSERT INTO User(idUser,name,password,email,phoneNumber,sex,type,createdAt,lastActivity,active,idLocation)VALUES(156,'Norman Donovan','GW69Z','usfki@hotmail.com',NULL,'M',4,'2019-05-22 01:43:28','2021-05-29 22:04:45',1,628);
INSERT INTO Company(idCompany,link,firm,nipc,endSub,endSubVip,idSubscription)VALUES(156,'https://www.izatczfqmdllcsgqaaahrllppfnad.com/','Johnny Gordon',766162598,NULL,NULL,1);
INSERT INTO User(idUser,name,password,email,phoneNumber,sex,type,createdAt,lastActivity,active,idLocation)VALUES(157,'Kim Zielonka','LMURK93UQLWXE','tbidwbd@outlook.com','+351 995681912','F',4,'2020-04-03 22:12:55','2020-08-25 21:54:24',0,293);
INSERT INTO Company(idCompany,link,firm,nipc,endSub,endSubVip,idSubscription)VALUES(157,'https://www.etggmstnui.com/','Kevin Dilday',132236652,'2023-06-24 03:57:53',NULL,13);
INSERT INTO User(idUser,name,password,email,phoneNumber,sex,type,createdAt,lastActivity,active,idLocation)VALUES(158,'Mark Blechman','4V0TEY8JALD75MQFQ','bqorqmrrzo@outlook.com','+351 974258753','M',4,'2021-02-01 05:26:36','2021-09-22 08:40:07',0,250);
INSERT INTO Company(idCompany,link,firm,nipc,endSub,endSubVip,idSubscription)VALUES(158,'https://www.tgcrulovpsbcitcinexhlpxxrjsjlforz.com/','Nancy Berstein',843200950,'2023-03-04 15:27:24','2023-03-04 15:27:24',10);
INSERT INTO User(idUser,name,password,email,phoneNumber,sex,type,createdAt,lastActivity,active,idLocation)VALUES(159,'Patricia Richardson','KDU21F26C5FBZM','jeqawb@outlook.com','+351 970283945','F',4,'2019-10-15 19:22:44','2019-12-06 11:01:51',0,56);
INSERT INTO Company(idCompany,link,firm,nipc,endSub,endSubVip,idSubscription)VALUES(159,'https://www.tozmmmpflhacalfiiotcqmlvhceqlgmlle.com/','Melanie Nally',868668078,NULL,NULL,1);
INSERT INTO User(idUser,name,password,email,phoneNumber,sex,type,createdAt,lastActivity,active,idLocation)VALUES(160,'Jennifer Child','NK1KZ3C9RFE9C36L','eqcvptxbufa@gmail.com','+351 958523775','F',4,'2019-09-21 15:50:43','2019-10-04 10:07:58',1,596);
INSERT INTO Company(idCompany,link,firm,nipc,endSub,endSubVip,idSubscription)VALUES(160,'https://www.gbaxiimx.com/','Yuko Taylor',275732574,'2023-08-11 19:58:51','2022-03-27 17:44:27',12);
INSERT INTO User(idUser,name,password,email,phoneNumber,sex,type,createdAt,lastActivity,active,idLocation)VALUES(161,'Donald Johnson','XYXK0','cfcyyoomy@gmail.com','+351 960551198','M',4,'2017-06-25 21:25:16','2018-08-13 08:26:03',1,49);
INSERT INTO Company(idCompany,link,firm,nipc,endSub,endSubVip,idSubscription)VALUES(161,'https://www.cjessjmgcgnsgrblmbiv.com/','Jeremy Gomez',223194609,'2023-10-06 00:14:36','2022-03-29 13:10:38',9);
INSERT INTO User(idUser,name,password,email,phoneNumber,sex,type,createdAt,lastActivity,active,idLocation)VALUES(162,'Emily Trevino','AY86DRWFE443GABH','lxivaeilkr@gmail.com','+351 997856401','I',4,'2017-11-04 08:52:39','2020-07-14 04:54:09',1,207);
INSERT INTO Company(idCompany,link,firm,nipc,endSub,endSubVip,idSubscription)VALUES(162,'https://www.clbaxbxuhhiis.com/','Judy Torres',791292661,'2023-07-08 18:56:51',NULL,9);
INSERT INTO User(idUser,name,password,email,phoneNumber,sex,type,createdAt,lastActivity,active,idLocation)VALUES(163,'Charlotte Johnson','9WEZQ1YNS','gtahd@outlook.com','+351 933179365','I',4,'2018-04-05 07:43:58','2020-08-10 19:32:57',0,472);
INSERT INTO Company(idCompany,link,firm,nipc,endSub,endSubVip,idSubscription)VALUES(163,'https://www.bfecdu.com/','Cory Juul',815081708,'2023-08-07 12:18:47',NULL,11);
INSERT INTO User(idUser,name,password,email,phoneNumber,sex,type,createdAt,lastActivity,active,idLocation)VALUES(164,'Mary Good','NBFK01ZPK','xvoqhttjbex@hotmail.com','+351 903381289','F',4,'2019-01-08 10:19:57','2020-08-06 00:06:59',1,290);
INSERT INTO Company(idCompany,link,firm,nipc,endSub,endSubVip,idSubscription)VALUES(164,'https://www.sldbhxsqlimdogzlrxgrgjavtcpcddvtgavueeo.com/','Jesus Calvery',632748087,'2023-04-08 14:15:33',NULL,11);
INSERT INTO User(idUser,name,password,email,phoneNumber,sex,type,createdAt,lastActivity,active,idLocation)VALUES(165,'Barbara Rogers','VCPUY1U32A7D','zqtbbdhxwz@hotmail.com',NULL,'I',4,'2020-05-12 07:41:38','2021-04-18 03:20:18',0,601);
INSERT INTO Company(idCompany,link,firm,nipc,endSub,endSubVip,idSubscription)VALUES(165,'https://www.meqipbofsjczznajmqoblrvrlqtvthnx.com/','Jermaine Anderson',217440662,NULL,NULL,1);
INSERT INTO User(idUser,name,password,email,phoneNumber,sex,type,createdAt,lastActivity,active,idLocation)VALUES(166,'Janet Blenman','Y3M06XV7NVFMPFCZ4X','vepyhwrhkmy@hotmail.com','+351 987560304','F',4,'2017-08-15 02:33:05','2019-02-23 10:51:12',1,636);
INSERT INTO Company(idCompany,link,firm,nipc,endSub,endSubVip,idSubscription)VALUES(166,'https://www.usu.com/','Russell Byrd',524959185,'2023-04-10 22:26:08','2022-01-09 11:48:10',8);
INSERT INTO User(idUser,name,password,email,phoneNumber,sex,type,createdAt,lastActivity,active,idLocation)VALUES(167,'Francis Johnson','L6Z97YLXGQ','rncyvnz@outlook.com','+351 930135074','M',4,'2021-12-23 09:55:34','2021-12-24 18:41:09',1,145);
INSERT INTO Company(idCompany,link,firm,nipc,endSub,endSubVip,idSubscription)VALUES(167,'https://www.imeuddgcbmpolpqnstxtacssrhlhlgsguichno.com/','Reina Lyons',491637780,'2023-05-13 20:37:27','2022-02-22 05:59:41',8);
INSERT INTO User(idUser,name,password,email,phoneNumber,sex,type,createdAt,lastActivity,active,idLocation)VALUES(168,'Isaias Gaines','T3B001U','fgylyszctx@outlook.com','+351 982161067','M',4,'2018-05-17 06:42:44','2020-12-31 12:04:30',0,399);
INSERT INTO Company(idCompany,link,firm,nipc,endSub,endSubVip,idSubscription)VALUES(168,'https://www.fp.com/','Timothy Johnson',340697644,'2023-07-26 01:29:12','2023-07-26 01:29:12',10);
INSERT INTO User(idUser,name,password,email,phoneNumber,sex,type,createdAt,lastActivity,active,idLocation)VALUES(169,'Lindsey Brummett','J27DQGNZ2S7F0J70G02S','uwmizslumtrh@hotmail.com','+351 977433007','F',4,'2020-07-26 03:41:51','2021-06-22 13:56:51',0,590);
INSERT INTO Company(idCompany,link,firm,nipc,endSub,endSubVip,idSubscription)VALUES(169,'https://www.uscaczjpua.com/','Manuel Wickliff',781651090,'2023-03-05 04:20:49','2022-11-19 12:58:40',8);
INSERT INTO User(idUser,name,password,email,phoneNumber,sex,type,createdAt,lastActivity,active,idLocation)VALUES(170,'Jeff Hazen','3GV63EYG15QD','phkbfsxeyps@gmail.com',NULL,'M',4,'2019-10-20 00:47:08','2021-10-31 11:23:46',1,247);
INSERT INTO Company(idCompany,link,firm,nipc,endSub,endSubVip,idSubscription)VALUES(170,'https://www.pppbpforxjtmhnfgtouevtgvsmcqpub.com/','Richard Childers',748429240,NULL,NULL,1);
INSERT INTO User(idUser,name,password,email,phoneNumber,sex,type,createdAt,lastActivity,active,idLocation)VALUES(171,'Linda Stanley','9K0TMLN4APTUZDMTF','sbkeyuh@gmail.com','+351 991650944','F',4,'2018-05-09 08:59:19','2020-03-09 07:05:27',0,784);
INSERT INTO Company(idCompany,link,firm,nipc,endSub,endSubVip,idSubscription)VALUES(171,'https://www.ggvrcafrlmbpslbcuagvolb.com/','Ashley Chacko',708122316,'2023-07-05 16:23:07',NULL,10);
INSERT INTO User(idUser,name,password,email,phoneNumber,sex,type,createdAt,lastActivity,active,idLocation)VALUES(172,'Meghan Baker','3E9CEKRD3TT1G6ECSPRQ','merktks@gmail.com','+351 922104463','F',4,'2017-05-04 05:16:52','2019-04-21 23:46:48',0,385);
INSERT INTO Company(idCompany,link,firm,nipc,endSub,endSubVip,idSubscription)VALUES(172,'https://www.mnxfiieplzglqbgbujpbjzac.com/','Patrick Cady',221406419,NULL,NULL,1);
INSERT INTO User(idUser,name,password,email,phoneNumber,sex,type,createdAt,lastActivity,active,idLocation)VALUES(173,'Nancy Quick','8T9282TTT0QXLVQZ','jnnfgame@hotmail.com',NULL,'I',4,'2018-10-20 05:18:13','2020-08-07 21:55:14',0,692);
INSERT INTO Company(idCompany,link,firm,nipc,endSub,endSubVip,idSubscription)VALUES(173,'https://www.fqvc.com/','Bernice Mccord',425955496,NULL,NULL,1);
INSERT INTO User(idUser,name,password,email,phoneNumber,sex,type,createdAt,lastActivity,active,idLocation)VALUES(174,'Alice Colbert','P4W98V6CZA','ujcmlcftmj@gmail.com','+351 906413036','F',4,'2018-12-20 22:09:59','2020-03-16 04:36:04',0,309);
INSERT INTO Company(idCompany,link,firm,nipc,endSub,endSubVip,idSubscription)VALUES(174,'https://www.luobrxhzuomqdcsioadfjvtsjngnirlhlfrssdqbpapevmsulh.com/','Mary Welchel',161620148,'2023-05-31 12:54:46',NULL,13);
INSERT INTO User(idUser,name,password,email,phoneNumber,sex,type,createdAt,lastActivity,active,idLocation)VALUES(175,'Kennith Nestor','F40JPCC35E9','nejywjlnk@outlook.com','+351 972946323','M',4,'2020-06-16 04:29:58','2021-08-16 11:24:13',1,363);
INSERT INTO Company(idCompany,link,firm,nipc,endSub,endSubVip,idSubscription)VALUES(175,'https://www.udsduzjfehrrcuurrsjlxuqbfhmpnohdgcpjorrjolhcg.com/','Mark Doty',239228938,'2023-02-01 07:18:41',NULL,8);
INSERT INTO User(idUser,name,password,email,phoneNumber,sex,type,createdAt,lastActivity,active,idLocation)VALUES(176,'Betty Bolin','BDD1Q26','fsepvebhm@outlook.com','+351 974169477','F',4,'2020-07-13 07:07:22','2020-09-01 18:11:52',0,193);
INSERT INTO Company(idCompany,link,firm,nipc,endSub,endSubVip,idSubscription)VALUES(176,'https://www.crmpguicfutlzbhaoahbbhicfqcuh.com/','Brian Ruley',454801360,'2023-09-15 21:55:09','2023-09-15 21:55:09',8);
INSERT INTO User(idUser,name,password,email,phoneNumber,sex,type,createdAt,lastActivity,active,idLocation)VALUES(177,'Mozell Mcneil','YDMN2','dszvv@gmail.com','+351 945263448','F',4,'2021-08-10 05:03:02','2021-10-01 14:18:03',0,305);
INSERT INTO Company(idCompany,link,firm,nipc,endSub,endSubVip,idSubscription)VALUES(177,'https://www.scispdtecegbejbvlfudeicgbzqfalrlnohmvbrd.com/','Tina Arrants',436376754,'2023-07-05 09:27:04','2022-06-04 22:00:31',13);
INSERT INTO User(idUser,name,password,email,phoneNumber,sex,type,createdAt,lastActivity,active,idLocation)VALUES(178,'Miranda Sangster','8KQ9DMCCT52JV4Z','mytiawthtxfh@outlook.com','+351 910534758','F',4,'2021-07-30 01:26:39','2021-11-22 03:35:26',0,409);
INSERT INTO Company(idCompany,link,firm,nipc,endSub,endSubVip,idSubscription)VALUES(178,'https://www.zpxnphtdjvqgmzpelbcqvobqzj.com/','Linda Morris',517691884,'2023-09-22 11:21:49','2023-09-22 11:21:49',12);
INSERT INTO User(idUser,name,password,email,phoneNumber,sex,type,createdAt,lastActivity,active,idLocation)VALUES(179,'Elaine Earle','92QKNKGJGQK3T','sndihnlvp@outlook.com','+351 983746120','F',4,'2019-03-16 04:32:31','2020-05-11 11:09:03',1,276);
INSERT INTO Company(idCompany,link,firm,nipc,endSub,endSubVip,idSubscription)VALUES(179,'https://www.ugemzehrgcmszeeisjpgotgfjrncejazxdtnrdxlnmhtzr.com/','John Moses',455495524,NULL,NULL,1);
INSERT INTO User(idUser,name,password,email,phoneNumber,sex,type,createdAt,lastActivity,active,idLocation)VALUES(180,'Sandra Rancourt','N99QQ9SH2C5PM','jbzakecsuxby@gmail.com','+351 946753610','F',4,'2020-12-10 03:04:41','2021-12-13 00:33:23',0,609);
INSERT INTO Company(idCompany,link,firm,nipc,endSub,endSubVip,idSubscription)VALUES(180,'https://www.pntemxgncnjnjfreppijopfssrqrhxtac.com/','Armando Walker',514383556,'2023-05-21 04:44:39','2023-05-21 04:44:39',11);
INSERT INTO User(idUser,name,password,email,phoneNumber,sex,type,createdAt,lastActivity,active,idLocation)VALUES(181,'Marcelle Badgett','92M4MM8JTAH','peqgk@hotmail.com','+351 913694848','F',4,'2019-07-15 12:59:25','2020-10-07 09:02:30',0,346);
INSERT INTO Company(idCompany,link,firm,nipc,endSub,endSubVip,idSubscription)VALUES(181,'https://www.ajmfhjforfaismhuzgu.com/','Christina Skinner',680025452,'2023-09-09 00:49:10',NULL,9);
INSERT INTO User(idUser,name,password,email,phoneNumber,sex,type,createdAt,lastActivity,active,idLocation)VALUES(182,'Julie Vong','GNFMKK95EEDQ2TXHJK','zdlbckgoku@outlook.com','+351 909736295','F',4,'2017-03-13 07:02:45','2018-02-07 03:24:19',0,367);
INSERT INTO Company(idCompany,link,firm,nipc,endSub,endSubVip,idSubscription)VALUES(182,'https://www.sstdjqulabdhndeavdaoitgfimtv.com/','Ivy Holland',881561370,'2023-07-19 09:20:23',NULL,11);
INSERT INTO User(idUser,name,password,email,phoneNumber,sex,type,createdAt,lastActivity,active,idLocation)VALUES(183,'Ronald Kave','E1QYBU896JZSBLVQUHG','glxwb@hotmail.com','+351 978723770','M',4,'2018-12-30 10:58:02','2020-01-05 12:58:33',1,817);
INSERT INTO Company(idCompany,link,firm,nipc,endSub,endSubVip,idSubscription)VALUES(183,'https://www.xc.com/','Anna Snyder',474566231,'2023-06-28 18:28:23','2022-07-23 14:08:57',10);
INSERT INTO User(idUser,name,password,email,phoneNumber,sex,type,createdAt,lastActivity,active,idLocation)VALUES(184,'Suzanne Truesdale','WW4A0QGANG','vnqsu@hotmail.com','+351 947685568','F',4,'2021-09-03 07:52:54','2021-09-27 11:44:35',1,249);
INSERT INTO Company(idCompany,link,firm,nipc,endSub,endSubVip,idSubscription)VALUES(184,'https://www.oenu.com/','Timothy Duprey',718950090,'2023-01-01 14:34:06',NULL,13);
INSERT INTO User(idUser,name,password,email,phoneNumber,sex,type,createdAt,lastActivity,active,idLocation)VALUES(185,'Vanessa Poore','206ZCNCXQPB8','hxprmvt@outlook.com','+351 936055754','F',4,'2021-10-23 07:26:48','2021-10-30 11:07:15',0,577);
INSERT INTO Company(idCompany,link,firm,nipc,endSub,endSubVip,idSubscription)VALUES(185,'https://www.xbq.com/','Cristy Mitchell',665901537,'2023-06-05 00:02:58',NULL,8);
INSERT INTO User(idUser,name,password,email,phoneNumber,sex,type,createdAt,lastActivity,active,idLocation)VALUES(186,'Jewell Slaney','G5B04PPW62L6','huxlygu@outlook.com','+351 986951765','F',4,'2017-08-16 19:56:46','2020-07-10 04:55:52',1,472);
INSERT INTO Company(idCompany,link,firm,nipc,endSub,endSubVip,idSubscription)VALUES(186,'https://www.tqhjfliqucctgexcqsfhzqeqslr.com/','George Pettit',467183834,NULL,NULL,1);
INSERT INTO User(idUser,name,password,email,phoneNumber,sex,type,createdAt,lastActivity,active,idLocation)VALUES(187,'Barbra Lennon','ATMX7CF','hnikhlobh@outlook.com','+351 992280706','F',4,'2020-01-11 13:01:28','2021-10-11 15:09:01',1,481);
INSERT INTO Company(idCompany,link,firm,nipc,endSub,endSubVip,idSubscription)VALUES(187,'https://www.rntlpmsvgxlbxzv.com/','Cindy Timmons',169591329,'2023-04-29 07:12:44','2022-01-05 22:29:10',9);
INSERT INTO User(idUser,name,password,email,phoneNumber,sex,type,createdAt,lastActivity,active,idLocation)VALUES(188,'Deborah Tower','DE11Q2EP','fohykonwwqmn@hotmail.com','+351 981229452','F',4,'2020-10-05 05:25:12','2020-11-07 08:27:03',1,706);
INSERT INTO Company(idCompany,link,firm,nipc,endSub,endSubVip,idSubscription)VALUES(188,'https://www.uxvpzs.com/','Dorothy Johnston',600780002,'2023-11-11 05:43:45','2023-11-11 05:43:45',9);
INSERT INTO User(idUser,name,password,email,phoneNumber,sex,type,createdAt,lastActivity,active,idLocation)VALUES(189,'Griselda Horowitz','9V0BVXN5T2K2K','vggpc@hotmail.com',NULL,'F',4,'2018-06-30 10:48:04','2018-09-27 22:06:11',0,466);
INSERT INTO Company(idCompany,link,firm,nipc,endSub,endSubVip,idSubscription)VALUES(189,'https://www.feqtlgziitzardpeevpehqutlmtcpfguxvfv.com/','Antonio Bravo',702358433,NULL,NULL,1);
INSERT INTO User(idUser,name,password,email,phoneNumber,sex,type,createdAt,lastActivity,active,idLocation)VALUES(190,'Frank Magana','F9USM6F7W','cnfgwnpkufume@hotmail.com','+351 903523008','M',4,'2018-01-17 23:15:17','2020-10-01 14:14:52',1,718);
INSERT INTO Company(idCompany,link,firm,nipc,endSub,endSubVip,idSubscription)VALUES(190,'https://www.sgmrbsonitiohiqluejvepv.com/','Elizabeth Hernandez',105191335,'2023-06-25 18:02:39',NULL,9);
INSERT INTO User(idUser,name,password,email,phoneNumber,sex,type,createdAt,lastActivity,active,idLocation)VALUES(191,'Sonya Blaise','MHJWN4','xjideunijcwjh@gmail.com','+351 936531099','F',4,'2017-01-31 20:19:56','2019-11-23 19:06:45',1,268);
INSERT INTO Company(idCompany,link,firm,nipc,endSub,endSubVip,idSubscription)VALUES(191,'https://www.qqdcpahegdqmpddbfnlbesq.com/','Janet Hicks',281701942,NULL,NULL,1);
INSERT INTO User(idUser,name,password,email,phoneNumber,sex,type,createdAt,lastActivity,active,idLocation)VALUES(192,'Jennifer Weisinger','DXPVRH3PPWMUECSFH','wgmlco@hotmail.com','+351 969780932','F',4,'2017-04-21 18:22:04','2021-06-09 11:42:20',1,694);
INSERT INTO Company(idCompany,link,firm,nipc,endSub,endSubVip,idSubscription)VALUES(192,'https://www.agnuncepcunzbophzvzjrnaqehgqxexsnllbtfqmqnvd.com/','Michael East',318521043,'2023-04-16 01:07:20','2022-03-08 18:38:48',9);
INSERT INTO User(idUser,name,password,email,phoneNumber,sex,type,createdAt,lastActivity,active,idLocation)VALUES(193,'Sabra Cargill','FWXTR9XMW2','hwvzubrouwhfg@hotmail.com','+351 971320137','F',4,'2018-07-18 01:35:47','2018-12-15 15:24:01',0,56);
INSERT INTO Company(idCompany,link,firm,nipc,endSub,endSubVip,idSubscription)VALUES(193,'https://www.xgjspaqtljsrririufsoqbxlclngtfsr.com/','Rickey Sitton',254037300,'2023-03-28 14:26:15',NULL,12);
INSERT INTO User(idUser,name,password,email,phoneNumber,sex,type,createdAt,lastActivity,active,idLocation)VALUES(194,'Shirley Allison','4TV5VR97H','ucvdmqiivf@outlook.com','+351 924463601','F',4,'2019-11-24 16:42:22','2021-07-11 00:13:38',1,190);
INSERT INTO Company(idCompany,link,firm,nipc,endSub,endSubVip,idSubscription)VALUES(194,'https://www.xhnvxdxcbmuftjz.com/','Henrietta Sedlacek',821879691,'2023-07-01 10:15:40',NULL,9);
INSERT INTO User(idUser,name,password,email,phoneNumber,sex,type,createdAt,lastActivity,active,idLocation)VALUES(195,'Carlton Snyder','C4BVG89Q5SJQRL3F7QV7','muunrtwfdjgej@hotmail.com','+351 922835486','M',4,'2017-09-14 11:29:49','2017-10-06 04:48:52',0,152);
INSERT INTO Company(idCompany,link,firm,nipc,endSub,endSubVip,idSubscription)VALUES(195,'https://www.alrjtstdlcuxgngbjcqoafhxxpjngpz.com/','Monica Kelley',580337631,'2023-07-09 06:38:16',NULL,12);
INSERT INTO User(idUser,name,password,email,phoneNumber,sex,type,createdAt,lastActivity,active,idLocation)VALUES(196,'Steve Bourdeau','8XA2HW8S7E','cugnsuis@outlook.com','+351 937501199','M',4,'2019-01-17 10:17:51','2020-06-05 02:02:59',1,72);
INSERT INTO Company(idCompany,link,firm,nipc,endSub,endSubVip,idSubscription)VALUES(196,'https://www.aqgvijtbvbezsenmrtuxrsaetmxtbhxjvmrsdeivqgiiprg.com/','Lavada Schreiner',654987653,'2023-11-22 11:28:19','2023-11-22 11:28:19',13);
INSERT INTO User(idUser,name,password,email,phoneNumber,sex,type,createdAt,lastActivity,active,idLocation)VALUES(197,'Donald Olson','FVQMKD','qutiapiil@gmail.com',NULL,'M',4,'2017-10-08 12:03:25','2019-11-12 19:02:45',0,653);
INSERT INTO Company(idCompany,link,firm,nipc,endSub,endSubVip,idSubscription)VALUES(197,'https://www.jiubcmgadsdopefhddgfxabijmnjbjbtu.com/','Susan Hickman',795312569,'2023-06-11 19:14:24','2022-04-14 12:08:50',10);
INSERT INTO User(idUser,name,password,email,phoneNumber,sex,type,createdAt,lastActivity,active,idLocation)VALUES(198,'Vanessa Rollins','MVQ0VL2CV','hotnfd@hotmail.com','+351 912743372','F',4,'2021-02-11 18:36:07','2021-05-10 22:13:37',0,543);
INSERT INTO Company(idCompany,link,firm,nipc,endSub,endSubVip,idSubscription)VALUES(198,'https://www.flxupczlizccauragvnslfqzovueunjmdhscpn.com/','Stephanie Friedman',590422346,'2023-09-06 08:24:31',NULL,9);
INSERT INTO User(idUser,name,password,email,phoneNumber,sex,type,createdAt,lastActivity,active,idLocation)VALUES(199,'Clifton Smith','688JQWYVDJC1','fyesfzddnkmoe@hotmail.com','+351 990451234','I',4,'2021-06-30 22:14:33','2021-07-27 19:28:44',1,497);
INSERT INTO Company(idCompany,link,firm,nipc,endSub,endSubVip,idSubscription)VALUES(199,'https://www.hspxenhhguoomqvbtmoavuduafqequhbldodtropxiccxt.com/','Harold Hilliard',331427653,'2023-06-05 08:57:46','2022-06-09 07:43:04',8);
INSERT INTO User(idUser,name,password,email,phoneNumber,sex,type,createdAt,lastActivity,active,idLocation)VALUES(200,'Mike Carrasco','LYX9SKKUFBRC2','gdszscswefylm@gmail.com',NULL,'I',4,'2019-09-25 18:00:32','2019-10-21 17:07:55',0,439);
INSERT INTO Company(idCompany,link,firm,nipc,endSub,endSubVip,idSubscription)VALUES(200,'https://www.cszafccne.com/','Kim Frankel',724791833,'2023-07-20 07:23:24',NULL,10);
INSERT INTO User(idUser,name,password,email,phoneNumber,sex,type,createdAt,lastActivity,active,idLocation)VALUES(201,'Bruno Cruz','dazai','brunocruz@gmail.com',NULL,'M',1,'0000-00-00 00:00:00','0000-00-00 00:00:00',0,1);
INSERT INTO User(idUser,name,password,email,phoneNumber,sex,type,createdAt,lastActivity,active,idLocation)VALUES(202,'Admin','admin','admin@gmail.com',NULL,'F',1,'0000-00-00 00:00:00','0000-00-00 00:00:00',0,1);
